alpha,tau,r,Dtau,Dr,ur,utau
0.0,13.009992740725872,0.0,0.0,12.580405068097729,0.0,0.9990927019645268
0.0031498924384667265,13.010736810666298,0.04113325630822229,-0.010106975481469455,12.591538041836591,0.0041126163927805055,0.9994335386013344
0.006299784876933453,13.01127544763336,0.08193578916685942,-0.019411415087912495,12.599837272218464,0.00810661692106732,0.9997170695713418
0.00944967731540018,13.01164287571108,0.12246867820304877,-0.028003883344324253,12.605950575405448,0.012003883972626406,0.9999561757592849
0.012599569753866906,13.01186835381954,0.1627842686248793,-0.035973684621945445,12.610416242239133,0.015823126242464756,1.000161871589154
0.015749462192333634,13.011976748943821,0.20292718260556905,-0.0434075900374701,12.61367777238891,0.019580249637623306,1.0003435221655068
0.01889935463080036,13.011989055762553,0.24293523624839883,-0.05038882658293641,12.616097020357104,0.023288693195194027,1.0005090400496799
0.022049247069267086,13.011922866699487,0.28284026919755123,-0.05699629737595413,12.617965889985314,0.02695973266466891,1.000665063203626
0.025199139507733812,13.011792796183371,0.3226688935440625,-0.06330400450085612,12.619516704854842,0.03060275424722359,1.0008171155432184
0.02834903194620054,13.011610862673828,0.362443168278598,-0.06938064833825723,12.62093137319833,0.03422550083320555,1.0009697514560527
0.03149892438466727,13.011386831793704,0.4021812051631435,-0.07528937955964891,12.622349457622697,0.037834292934713076,1.0011266855559053
0.03464881682313399,13.011128523701124,0.441897711531436,-0.08108768210119785,12.62387525206833,0.0414342263724983,1.0012909088669606
0.03779870926160072,13.01084208763697,0.48160447518247784,-0.08682736743285781,12.625583960979732,0.04502934864528935,1.0014647925555724
0.04094860170006744,13.01053224639532,0.5213107962022785,-0.09255466231110585,12.627527068622504,0.04862281578479066,1.001650180255561
0.04409849413853417,13.01020251328534,0.561023870235506,-0.09831037395179801,12.629736979834812,0.05221703138087858,1.0018484699647474
0.047248386577000895,13.009855383982776,0.6007491274305089,-0.10413011818938094,12.632231007232726,0.05581376934865514,1.00206068642548
0.050398279015467624,13.009492505507449,0.6404905309976645,-0.1100445977054318,12.635014773983341,0.05941428190185607,1.0022875448401956
0.053548171453934354,13.009114824409412,0.6802508390517374,-0.11607991881851647,12.63808509570221,0.06301939409542942,1.0025295067144742
0.05669806389240108,13.008722716100843,0.7200318331533982,-0.12225793663381153,12.641432399808174,0.06662958620371606,1.0027868285644788
0.059847956330867806,13.008316097132534,0.7598345167227694,-0.12859661955983123,12.645042735765058,0.07024506510938044,1.0030596041730142
0.06299784876933454,13.007894522083177,0.7996592862683694,-0.135110425315806,12.648899425042098,0.07386582579187223,1.0033478010285837
0.06614774120780126,13.007457266605922,0.8395060781576555,-0.1418106815815002,12.652984395320036,0.07749170392256391,1.0036512915346767
0.06929763364626798,13.007003398059876,0.879374493450048,-0.14870596538611824,12.65727923944455,0.0811224204966251,1.003969879531963
0.0724475260847347,13.00653183504391,0.9192639031194318,-0.15580247619887533,12.661766035870262,0.08475761935898629,1.0043033226340208
0.07559741852320144,13.00604139704614,0.9591735358102222,-0.1631043984751118,12.666427963834762,0.08839689841323825,1.0046513508375863
0.07874731096166816,13.005530845324547,0.9991025500987241,-0.1706142501326774,12.671249743240704,0.0920398352378439,1.005013681830965
0.08189720340013489,13.004998916042043,1.0390500930692992,-0.17833321408773306,12.676217926193527,0.09568600777343719,1.0053900333891328
0.08504709583860162,13.004444346592773,1.0790153468623527,-0.18626145057101923,12.681321064331216,0.09933501068809125,1.0057801332110574
0.08819698827706834,13.00386589597523,1.118997564707989,-0.1943983884787724,12.686549773479992,0.10298646797409577,1.006183726523809
0.09134688071553507,13.003262359991625,1.1589960978249478,-0.2027429944904806,12.691896714764722,0.10664004227984147,1.0066005817490222
0.09449677315400179,13.002632581981846,1.1990104144387372,-0.2112940191120353,12.697356509085498,0.11029544143371145,1.00703049450013
0.09764666559246853,13.001975459733696,1.2390401120553853,-0.22005021918094578,12.702925599831485,0.11395242257328789,1.0074732901534214
0.10079655803093525,13.001289949149125,1.2790849240175188,-0.229010556703361,12.70860207683064,0.11761079425254736,1.0079288252123249
0.10394645046940197,13.000575065188347,1.3191447212672556,-0.23817437418381188,12.714385472819604,0.12127041686190707,1.008396987662276
0.10709634290786871,12.999829880559943,1.3592195101452653,-0.24754154686082572,12.720276542152885,0.12493120166085953,1.0088776964930466
0.11024623534633543,12.99905352257526,1.3993094269670014,-0.25711261247774525,12.726277030045749,0.1285931086903651,1.0093709005463953
0.11339612778480215,12.998245168539103,1.439414730035221,-0.2668888794009392,12.732389439352598,0.13225614380203338,1.0098765768292863
0.11654602022326888,12.997404040006113,1.4795357896721275,-0.2768725140497518,12.738616800713627,0.13592035501329083,1.010394728416644
0.11969591266173561,12.996529396192724,1.5196730767845432,-0.28706660872650275,12.744962450849858,0.13958582837208827,1.0109253820525927
0.12284580510020233,12.995620526798415,1.559827150411075,-0.2974752310330034,12.751429822842333,0.14325268349112372,1.0114685855453092
0.12599569753866907,12.994676744456623,1.5999986446410746,-0.3081034561346886,12.758022251388176,0.1469210688899419,1.012024405037927
0.1291455899771358,12.993697377005228,1.6401882552409268,-0.3189573831867125,12.764742795277714,0.15059115726350414,1.012592922226326
0.13229548241560252,12.99268175973872,1.6803967262736543,-0.3300441372703147,12.771594078675841,0.15426314077779782,1.0131742315840198
0.13544537485406924,12.991629227778752,1.720624836952673,-0.3413718582043296,12.778578152211274,0.1579372264766814,1.0137684376447254
0.13859526729253596,12.99053910867693,1.7608733889295367,-0.3529496775977764,12.785696374373085,0.1616136318693231,1.0143756523844298
0.14174515973100268,12.989410715342792,1.801143194178432,-0.36478768549673984,12.79294931327908,0.16529258075421188,1.0149959927368735
0.1448950521694694,12.988243339371351,1.8414350636067773,-0.3768968879538817,12.800336668509631,0.16897429932369876,1.0156295782692486
0.14804494460793616,12.987036244827772,1.881749796491318,-0.38928915681346066,12.807857212388546,0.17265901258227667,1.0162765290385425
0.15119483704640288,12.985788662531855,1.9220881708123567,-0.4019771729601226,12.815508749833652,0.1763469411022483,1.016936963643271
0.1543447294848696,12.98449978487172,1.962450934535056,-0.4149743642273187,12.823288095690367,0.180038298131979,1.0176109974803214
0.15749462192333633,12.983168761164485,2.002838797865796,-0.4282948391022876,12.831191068295999,0.1837332870645106,1.0182987412121922
0.16064451436180305,12.981794693571523,2.0432524264932743,-0.4419533173002521,12.839212497897185,0.18743209926784868,1.0190002994460463
0.16379440680026977,12.980376633566976,2.0836924358081457,-0.4559650582119801,12.847346248453777,0.19113491227264884,1.0197157696226493
0.1669442992387365,12.978913578950761,2.124159386081339,-0.4703457881571031,12.855585251305373,0.1948418883082764,1.020445241110395
0.17009419167720324,12.977404471390757,2.164653778569623,-0.4851116273015355,12.86392154914811,0.1985531731741894,1.0211887944971862
0.17324408411566997,12.975848194473542,2.2051760525072983,-0.5002790170218597,12.872346348766676,0.20226889543028256,1.0219465010709305
0.1763939765541367,12.974243572238686,2.2457265829349984,-0.5158646484234469,12.880850080984793,0.20598916588713959,1.0227184224777544
0.1795438689926034,12.972589368168059,2.286305679310204,-0.5318853926429333,12.889422466336065,0.2097140773750192,1.023504610545737
0.18269376143107013,12.970884284598931,2.326913584839259,-0.5483582334904475,12.898052585011424,0.21344370476882374,1.0243051072609686
0.18584365386953686,12.969126962527701,2.3675504764670645,-0.5653002029128326,12.906728949707356,0.21717810524515513,1.0251199448820187
0.18899354630800358,12.967315981769733,2.4082164654583047,-0.5827283196868993,12.91543958007939,0.22091731874688972,1.025949146178437
0.19214343874647033,12.965449861440085,2.4489115985027485,-0.6006595316818251,12.924172077594005,0.22466136863037217,1.0267927247786734
0.19529333118493705,12.963527060719718,2.4896358592768184,-0.6191106619625372,12.932913699667909,0.2284102624703427,1.027650685612767
0.19844322362340377,12.961545979872007,2.5303891703941526,-0.6380983589415725,12.941651432086184,0.23216399299804058,1.0285230254352888
0.2015931160618705,12.959504961475071,2.5711713956791,-0.6576390507261661,12.950372058794827,0.23592253914848393,1.0294097334143375
0.20474300850033722,12.957402291836427,2.6119823426990165,-0.6777489037498099,12.959062228271234,0.23968586719373922,1.030310791772802
0.20789290093880394,12.955236202557794,2.652821765493656,-0.6984437857240754,12.967708515783913,0.24345393193994969,1.0312261764686672
0.21104279337727067,12.953004872219463,2.693689367442888,-0.7197392328967885,12.97629748096001,0.24722667796708891,1.0321558579017869
0.21419268581573742,12.950706428155355,2.7345848042173215,-0.7416504215571688,12.984815720185392,0.2510040408916228,1.0330998016352728
0.21734257825420414,12.948338948291925,2.7755076867599753,-0.7641921436869258,12.99324991346435,0.2547859486337028,1.0340579691204428
0.22049247069267086,12.945900463026046,2.8164575842511392,-0.7873787866193046,13.001586865466367,0.25857232267193386,1.0350303184151364
0.22364236313113758,12.943388957119238,2.857434027012573,-0.8112243165347683,13.0098135405818,0.26236307927030733,1.0360168048860616
0.2267922555696043,12.940802371587813,2.898436509311433,-0.8357422655930682,13.0179170918994,0.26615813066343635,1.0370173818867743
0.22994214800807103,12.938138605570742,2.9394644920286472,-0.860945722476966,13.025884884102435,0.2699573861878226,1.0380320014038102
0.23309204044653775,12.935395518159387,2.980517405160725,-0.8868473261016737,13.033704510359648,0.2737607533484328,1.0390606146644086
0.2362419328850045,12.932570930175439,3.021594650128399,-0.9134592622275877,13.041363803359435,0.2775681388114815,1.0401031727002203
0.23939182532347122,12.929662625885616,3.0626956018696605,-0.9407932627006129,13.04885084070189,0.28137944931580217,1.0411596268622694
0.24254171776193795,12.926668354643912,3.103819610699031,-0.9688606070353352,13.056153944922832,0.2851945924967114,1.0422299292833608
0.24569161020040467,12.923585832454167,3.144966003918905,-0.9976721260500235,13.063261678473642,0.28901347761775004,1.0433140332849913
0.2488415026388714,12.920412743447807,3.1861340871727784,-1.0272382072604838,13.070162834031551,0.29283601620699806,1.0444118937266231
0.25199139507733814,12.9171467412735,3.2273231455338145,-1.0575688017399756,13.076846420547358,0.2966621225960792,1.0455234672960199
0.25514128751580484,12.91378545039719,3.2685324443259587,-1.0886734321561846,13.08330164547315,0.30049171436114147,1.0466487127400612
0.2582911799542716,12.910326467312741,3.309761229677909,-1.1205612017028048,13.089517893636723,0.30432471266628713,1.0477875910361902
0.2614410723927383,12.906767361664862,3.3510087288136066,-1.1532408036516313,13.095484703247445,0.3081610425110681,1.0489400655052652
0.26459096483120503,12.903105677287506,3.392274150085607,-1.1867205312629718,13.101191739529575,0.3120006328845054,1.0501061018672697
0.26774085726967173,12.899338933162033,3.4335566827605306,-1.221008287804464,13.106628766488026,0.3158434168292311,1.051285668241796
0.2708907497081385,12.895464624300786,3.4748554965680145,-1.2561115964448761,13.111785617309685,0.31968933141988426,1.0524787350958051
0.27404064214660523,12.891480222562494,3.5161697410267787,-1.2920376098044684,13.116652163896415,0.32353831766084745,1.0536852751415462
0.2771905345850719,12.887383177406926,3.5574985445634524,-1.3287931189632167,13.121218286022348,0.3273903203089005,1.0549052631879892
0.2803404270235387,12.883170916596814,3.598841013441171,-1.3663845617466321,13.125473840587041,0.33124528762692784,1.0561386759493492
0.28349031946200537,12.878840846855713,3.6401962305165942,-1.4048180301290776,13.129408631416302,0.33510317107525683,1.0573854918147103
0.2866402119004721,12.87439035449089,3.681563253844843,-1.4440992766155287,13.133012380048825,0.33896392494760663,1.0586456905828276
0.2897901043389388,12.869816805990505,3.7229411151531027,-1.4842337194850304,13.136274697906579,0.3428275059587794,1.05991925316654
0.29293999677740556,12.865117548604779,3.764328818203815,-1.5252264467990007,13.139185060228318,0.34669387279148867,1.0612061612711459
0.2960898892158723,12.860289910920613,3.805725337069324,-1.567082219101251,13.141732782111264,0.3505629856098437,1.0625063970514392
0.299239781654339,12.855331203439304,3.8471296143394422,-1.609805470757003,13.143906996960464,0.35443480554688206,1.0638199427518211
0.30238967409280576,12.850238719166649,3.8885405592840323,-1.653400309900195,13.14569663763281,0.35830929417372354,1.0651467803342343
0.30553956653127246,12.845009734224542,3.929957045991806,-1.6978705169793284,13.14709042049216,0.36218641295755793,1.0664868910982706
0.3086894589697392,12.839641508492829,3.9713779115068375,-1.743219541912575,13.148076832588455,0.3660661227156577,1.067840255298048
0.3118393514082059,12.834131286289747,4.012801953982976,-1.7894504998813872,13.148644122104528,0.3699483830723403,1.0692068517600293
0.31498924384667265,12.828476297098462,4.054227930876302,-1.8365661658127523,13.148780292192173,0.3738331519254288,1.0705866575060108
0.3181391362851394,12.822673756347175,4.095654557194525,-1.8845689676149875,13.148473098274296,0.37772038492854987,1.0719796473851888
0.3212890287236061,12.816720866249124,4.137080503820846,-1.9334609782510044,13.147710048850461,0.3816100349950582,1.0733857937191096
0.32443892116207285,12.810614816708007,4.178504395929695,-1.983243906746971,13.146478409802226,0.38550205182915753,1.0748050659628545
0.32758881360053954,12.804352786294464,4.219924811509617,-2.0339190882468343,13.144765212165249,0.38939638148914607,1.0762374303859314
0.3307387060390063,12.797931943297007,4.261340280006992,-2.0854874732392634,13.14255726328965,0.3932929659872773,1.0776828497755633
0.333888598477473,12.791349446851536,4.302749281104609,-2.1379496160909257,13.139841161287999,0.39719174293035303,1.0791412831652227
0.33703849091593974,12.784602448151379,4.344150243645231,-2.1913056630291137,13.136603312616195,0.40109264520448296,1.0806126855906533
0.3401883833544065,12.777688091739964,4.385541544710487,-2.2455553397295978,13.132829952634992,0.40499560070698265,1.0820970078755123
0.3433382757928732,12.770603516886526,4.426921508863744,-2.300697938664366,13.12850716894109,0.4089005321276886,1.0835941964481917
0.34648816823133993,12.763345859045243,4.468288407562891,-2.356732306374016,13.123620927250565,0.41280735678197594,1.0851041931913628
0.3496380606698066,12.75591225139647,4.509640458748688,-2.413656830831381,13.118157099578482,0.41671598649628566,1.0866269353251943
0.3527879531082734,12.748299826468559,4.550975826612167,-2.4714694290608943,13.112101494464305,0.4206263275473311,1.0881623553249635
0.3559378455467401,12.740505717837628,4.592292621543469,-2.5301675351824295,13.105439888945995,0.4245382806550649,1.089710380873608
0.3590877379852068,12.732527061901923,4.633588900261357,-2.589748089041253,13.098158061991597,0.42845174102941663,1.0912709348491039
0.3622376304236736,12.724360999726867,4.6748626661240325,-2.6502075255912767,13.090241829078376,0.43236659846960546,1.09284393534654
0.36538752286214027,12.71600467895558,4.71611186961781,-2.7115417651826186,13.081677077599718,0.4362827375154624,1.0944292957345294
0.368537415300607,12.70745525577981,4.757334409020141,-2.7737462048987807,13.07244980278508,0.4402000376483959,1.0960269247448768
0.3716873077390737,12.698709896965097,4.798528131231722,-2.836815711105346,13.062546143796194,0.44411837354078154,1.0976367265946825
0.37483720017754046,12.689765781923192,4.839690832771642,-2.900744613311668,13.051952419695922,0.44803761535019015,1.099258601139456
0.37798709261600716,12.680620104825257,4.880820260927677,-2.9655266995013934,13.040655164940114,0.4519576290567935,1.1008924440556511
0.3811369850544739,12.671270076747541,4.921914115053409,-3.0311552130212154,13.028641164117273,0.45587827683994614,1.102538147050986
0.38428687749294066,12.661712927841746,4.9629700480026075,-3.0976228511344663,13.01589748559466,0.45979941749101644,1.1041955981005418
0.38743676993140735,12.65194590952257,5.003985667690198,-3.1649217653303108,13.002411513802095,0.46372090685816286,1.1058646817063278
0.3905866623698741,12.64196629666225,5.044958538768488,-3.233043563451804,12.988170979863225,0.46764259831983535,1.1075452791783025
0.3937365548083408,12.631771389785058,5.0858861844083645,-3.3019793137157207,12.973163990325856,0.4715643432823355,1.109237268934198
0.39688644724680755,12.621358517251702,5.126766088169034,-3.371719550641384,12.957379053728063,0.47548599169731626,1.1109405268157488
0.40003633968527424,12.610725037425446,5.167595695949619,-3.442254282950188,12.940805104793608,0.4794073925951316,1.1126549264185213
0.403186232123741,12.59986834081054,5.20837241800209,-3.5135730034200594,12.923431526047768,0.48332839462862376,1.1143803394328615
0.40633612456220775,12.58878585215401,5.249093630998549,-3.585664700702465,12.905248166669832,0.48724884662445006,1.1161166359932426
0.40948601700067444,12.577475032503301,5.289756680134583,-3.6585178730802532,12.88624535846112,0.49116859813604613,1.1178636850327186
0.4126359094391412,12.565933381209172,5.3303588812576645,-3.7321205441325,12.86641392875332,0.4950874999940742,1.1196213546406704
0.4157858018776079,12.554158437868008,5.370897523006376,-3.8064602802518857,12.845745210184253,0.4990054048506761,1.1213895124199826
0.41893569431607464,12.54214778419343,5.411369868945218,-3.881524209946112,12.824231047307126,0.5029221677126071,1.1231680258422303
0.42208558675454133,12.529899045811561,5.451773159686109,-3.957299044851535,12.801863799892185,0.506837646458643,1.124956762596797
0.4252354791930081,12.517409893970571,5.492104614978472,-4.033771102341792,12.778636343022947,0.5107517023393061,1.1267555909325957
0.42838537163147483,12.504678047161526,5.532361435760397,-4.110926329656196,12.754542063892783,0.5146642004520199,1.128564379989434
0.4315352640699415,12.491701272639308,5.572540806155127,-4.188750329385262,12.729574855421351,0.5185750101909402,1.1303830001163244
0.4346851565084083,12.478477387843244,5.612639895405788,-4.267228386201979,12.703729106730384,0.5224840056671942,1.132211323175477
0.43783504894687497,12.465004261709115,5.652655859733389,-4.34634549470298,12.676999690552144,0.5263910660952122,1.1340492228284278
0.4409849413853417,12.451279815868375,5.692585844112484,-4.42608638816149,12.649381947748553,0.5302960761447428,1.1358965748042902
0.4441348338238084,12.437302025733175,5.732426983953491,-4.506435568075687,12.62087166900299,0.534198926253913,1.1377532571466213
0.44728472626227517,12.423068921462463,5.772176406683164,-4.587377334307798,12.591465073957552,0.538099512902786,1.139619150438616
0.4504346187007419,12.408578588805897,5.811831233217636,-4.668895815651005,12.561158787892891,0.5419977388446595,1.1414941380041335
0.4535845111392086,12.393829169827072,5.851388579323,-4.7509750006178155,12.529949816227784,0.5458935132940067,1.1433781060843378
0.45673440357767536,12.378818863501234,5.890845556852154,-4.833598768282735,12.497835517054952,0.5497867520691957,1.1452709439887998
0.45988429601614206,12.363545926192186,5.93019927486426,-4.916750918985918,12.464813571894576,0.553677377691228,1.1471725442192404
0.4630341884546088,12.348008672003754,5.969446840611931,-5.000415204674971,12.430881955074472,0.5575653194353931,1.1490828025675455
0.4661840808930755,12.332205473010506,6.008585360404746,-5.084575358743622,12.396038901887065,0.5614505133368526,1.1510016181845715
0.46933397333154225,12.316134759369191,6.047611940339324,-5.169215125121165,12.360282875793251,0.5653329021523911,1.1529288936229738
0.472483865770009,12.299795019313295,6.086523686902767,-5.2543182864473374,12.32361253513309,0.5692124352746513,1.1548645348515323
0.4756337582084757,12.283184799034432,6.125317707446923,-5.339868691186982,12.286026699432767,0.5730890686035184,1.1568084512420664
0.47878365064694245,12.266302702451648,6.163991110533907,-5.42585027941263,12.247524315768583,0.5769627643753357,1.158760555530637
0.48193354308540914,12.249147390880058,6.202541006164207,-5.512247107188286,12.208104425444084,0.5808334909484719,1.1607207637507722
0.4850834355238759,12.231717582597,6.240964505877445,-5.599043369307067,12.167766131197641,0.5847012225514499,1.1626889951428159
0.4882333279623426,12.214012052315514,6.27925872274708,-5.686223420282671,12.126508565438174,0.5885659389927255,1.1646651720378323
0.49138322040080934,12.196029630570296,6.317420771256923,-5.77377179343398,12.084330859563517,0.5924276253346201,1.1666492197196439
0.4945331128392761,12.177769203022331,6.355447767088446,-5.8616732179160485,12.041232114839445,0.5962862715362572,1.1686410662624334
0.4976830052777428,12.159229709691866,6.393336826797409,-5.949912633604953,11.99721137502219,0.6001418720653978,1.170640642351071
0.5008328977162095,12.14041014412388,6.431085067417942,-6.038475203710573,11.952267600980651,0.6039944254841263,1.172647881080045
0.5039827901546763,12.121309552497378,6.4686896059794465,-6.127346325063266,11.906399647563262,0.6078439340097448,1.1746627177366509
0.5071326825931429,12.101927032683324,6.506147558956741,-6.216511635941818,11.859606243006482,0.6116904030584115,1.1766850895674437
0.5102825750316097,12.082261733263696,6.543456041664496,-6.305957021440952,11.811885971046602,0.6155338407666152,1.1787149355332138
0.5134324674700764,12.062312852515062,6.580612167595962,-6.395668616321036,11.76323725578559,0.6193742575043996,1.1807521960508225
0.5165823599085432,12.042079637373298,6.617613047724573,-6.485632805285069,11.713658349821603,0.6232116653746115,1.1827968127251571
0.5197322523470099,12.021561382376685,6.654455789785214,-6.575836220730115,11.663147325293624,0.6270460777082872,1.1848487280758935
0.5228821447854766,12.000757428610308,6.69113749752265,-6.666265737934448,11.611702068556296,0.6308775085544538,1.1869078852570403
0.5260320372239433,11.979667162648083,6.7276552699480545,-6.756908467787239,11.559320277927888,0.6347059721739524,1.188974227772433
0.5291819296624101,11.958290015507698,6.764006200590347,-6.847751746963403,11.505999465082374,0.6385314825339098,1.1910476991930201
0.5323318221008768,11.936625461624672,6.800187376769548,-6.938783125810843,11.451736959886585,0.6423540528124786,1.1931282428721586
0.5354817145393435,11.914673017859146,6.836195878889433,-7.029990353838057,11.396529918716345,0.6461736949103876,1.1952158016650374
0.5386316069778102,11.892432242529562,6.872028779772018,-7.121361363037848,11.340375336186158,0.6499904189827314,1.197310317651604
0.541781499416277,11.869902734499194,6.9076831440336415,-7.212884249098118,11.283270060361922,0.653804232980751,1.1994117318694248
0.5449313918547437,11.847084132311235,6.943156027523665,-7.304547250659721,11.22521081140355,0.6576151422186864,1.2015199840500697
0.5480812842932105,11.823976113376776,6.978444476825967,-7.396338726785316,11.166194203110846,0.6614231489586575,1.2036350123708786
0.5512311767316771,11.800578393236993,7.013545528828932,-7.4882471326871025,11.106216767932422,0.6652282520239957,1.2057567532130151
0.5543810691701438,11.776890724885462,7.04845621039216,-7.5802609940908035,11.045274984693611,0.6690304464376051,1.2078851409390132
0.5575309616086106,11.752912898173554,7.083173538088124,-7.67236888031625,10.983365309007397,0.6728297230915399,1.2100201076780466
0.5606808540470773,11.728644739294186,7.117694518055231,-7.764559376090879,10.920484206388188,0.6766260684409564,1.2121615831335406
0.5638307464855441,11.704086110350762,7.152016145944814,-7.856821052785786,10.856628187640268,0.6804194642389433,1.2143094944007613
0.5669806389240107,11.679236909009356,7.186135406987674,-7.94914243869158,10.791793846028407,0.6842098872988936,1.2164637658090247
0.5701305313624775,11.65409706825311,7.220049276155625,-8.041511989078003,10.72597789657453,0.6879973092908677,1.2186243187775627
0.5732804238009442,11.628666556221255,7.253754718465176,-8.133918055905598,10.659177216425983,0.6917816965736314,1.2207910716889596
0.576430316239411,11.602945376148257,7.287248689388848,-8.22634885774963,10.591388886935441,0.6955630100639267,1.2229639397882752
0.5795802086778776,11.576933566389643,7.320528135383196,-8.318792449708589,10.522610235844713,0.6993412051353401,1.2251428350944136
0.5827301011163444,11.550631200562792,7.3535899945606085,-8.41123669412265,10.452838880580789,0.7031162315537799,1.2273276663370445
0.5858799935548111,11.524038387767952,7.38643119746413,-8.503669231778298,10.38207277162146,0.7068880334542912,1.2295183389045978
0.5890298859932779,11.49715527289996,7.419048667967034,-8.596077454321597,10.310310235339289,0.7106565493289796,1.2317147548227456
0.5921797784317446,11.469982037078351,7.451439324332003,-8.688448477602039,10.237550016687125,0.7144217120755536,1.2339168127382025
0.5953296708702113,11.442518898137035,7.483600080323756,-8.78076911670709,10.163791320900962,0.7181834490542136,1.236124407933084
0.598479563308678,11.41476611122113,7.515527846511203,-8.873025862473975,10.089033854050113,0.7219416821776613,1.238337432342468
0.6016294557471448,11.38672396945637,7.547219531611742,-8.96520485983532,10.013277861797722,0.7256963280336027,1.2405557746011993
0.6047793481856115,11.358392804708608,7.5786720440043895,-9.05729188832357,9.936524166807146,0.7294472980252801,1.242779320093965
0.6079292406240783,11.329772988411907,7.609882293298851,-9.14927234472531,9.858774203102046,0.7331944985332832,1.2450079510264582
0.6110791330625449,11.300864932455125,7.64084719203399,-9.241131228079864,9.780030049067427,0.7369378311005482,1.2472415465035513
0.6142290255010117,11.271669090146705,7.671563657436345,-9.332853127188272,9.70029445674052,0.7406771926323988,1.2494799826218967
0.6173789179394784,11.242185957235007,7.702028613282596,-9.424422211014525,9.61957087834033,0.7444124755992595,1.2517231325640485
0.6205288103779452,11.212416072963263,7.73223899181208,-9.515822221684543,9.537863489664115,0.7481435682701169,1.2539708667076737
0.6236787028164118,11.18236002117621,7.7621917357311725,-9.607036470228936,9.455177209780185,0.751870354930617,1.2562230527357072
0.6268285952548786,11.15201843147875,7.791883800236289,-9.698047835667607,9.371517717485277,0.7555927161169943,1.2584795557492765
0.6299784876933453,11.121391980380077,7.821312155128874,-9.788838766856,9.28689146275757,0.7593105288518042,1.2607402383796362
0.633128380131812,11.090481392499155,7.850473786912397,-9.879391287403713,9.201305675663118,0.7630236668723352,1.2630049609055816
0.6362782725702788,11.059287441761702,7.879365700963304,-9.96968700363071,9.114768369938929,0.7667320008389076,1.2652735813619538
0.6394281650087454,11.027810952589308,7.907984923677917,-10.059707115814929,9.027288343523601,0.770435398565202,1.267545955645329
0.6425780574472122,10.99605280112137,7.936328504651817,-10.149432432019236,8.938875173497626,0.7741337252068697,1.269821937609845
0.6457279498856789,10.964013916369957,7.964393518852644,-10.2388433854013,8.849539208133749,0.7778268434339676,1.2721013791622346
0.6488778423241457,10.931695281405649,7.992177068750157,-10.327920053883053,8.759291553526122,0.7815146136184717,1.274384130333217
0.6520277347626124,10.899097934479162,8.019676286476841,-10.416642183010136,8.668144058143007,0.7851968939445937,1.2766700393493287
0.6551776272010791,10.8662229701156,8.04688833587533,-10.504989211156293,8.576109290030125,0.7888735405460604,1.2789589526814127
0.6583275196395458,10.833071540182354,8.073810414593053,-10.592940297590282,8.483200513813816,0.792544407579593,1.2812507150727859
0.6614774120780126,10.799644854868633,8.100439756059272,-10.680474352356633,8.389431661042515,0.7962093472847143,1.2835451695677853
0.6646273045164793,10.765944183638144,8.126773631419754,-10.76757006864563,8.294817299328141,0.7998682100111529,1.2858421574944314
0.667777196954946,10.731970856113982,8.152809351426233,-10.854205957254237,8.199372596562508,0.8035208442008119,1.288141518456032
0.6709270893934127,10.697726262867302,8.17854426818505,-10.940360382244856,8.10311328333464,0.8071670963503257,1.2904430902719133
0.6740769818318795,10.663211856173488,8.203975776977368,-11.026011598467766,8.006055611283067,0.8108068109134253,1.292746708911157
0.6772268742703462,10.628429150643914,8.229101317772605,-11.111137790233608,7.908216311639581,0.8144398301893575,1.2950522084064402
0.680376766708813,10.59337972378866,8.25391837684989,-11.1957171106237,7.809612548065845,0.8180659941663281,1.2973594207254133
0.6835266591472796,10.558065216527602,8.278424488228186,-11.279727721973126,7.710261872211228,0.8216851402976362,1.2996681756406088
0.6866765515857464,10.522487333540033,8.30261723494835,-11.3631478361022,7.610182175076121,0.8252971032893981,1.3019783005443113
0.6898264440242131,10.486647843578105,8.326494250467587,-11.445955755102103,7.509391637833043,0.8289017147936294,1.3042896202723646
0.6929763364626799,10.450548579649892,8.350053219649215,-11.528129911560036,7.4079086845057835,0.8324988030989113,1.3066019568690184
0.6961262289011466,10.414191439148514,8.373291879930608,-11.609648908635483,7.3057519318373325,0.836088192784589,1.3089151293554842
0.6992761213396133,10.377578383833168,8.396208022204203,-11.69049155838881,7.202940142636132,0.8396697042955253,1.3112289534489114
0.70242601377808,10.340711439750793,8.41879949171289,-11.770636920322387,7.099492177731905,0.8432431535509762,1.3135432412707861
0.7055759062165468,10.303592697053473,8.441064188783763,-11.850064336893954,6.9954269514416305,0.8468083514449702,1.315857801044982
0.7087257986550135,10.266224309696046,8.46300006948204,-11.928753468720515,6.890763387455796,0.8503651033689419,1.3181724367344756
0.7118756910934801,10.228608495127894,8.484605146239817,-12.006684326686504,6.785520378322812,0.8539132086767669,1.320486947707005
0.7150255835319469,10.190747533775653,8.505877488276075,-12.083837302212961,6.679716746462603,0.857452460151229,1.3228011283339611
0.7181754759704136,10.152643768538242,8.526815222108754,-12.160193194814797,6.573371209827753,0.8609826434144466,1.3251147676185178
0.7213253684088804,10.114299604189068,8.547416531857257,-12.235733236920044,6.4665023524220615,0.8645035363497602,1.3274276487633956
0.7244752608473471,10.075717506647944,8.567679659530235,-12.31043911565859,6.359128593459446,0.8680149084639779,1.329739548760252
0.7276251532858138,10.03690000226197,8.587602905312535,-12.384292991408007,6.251268168944729,0.8715165202973455,1.3320502379419743
0.7307750457242805,9.99784967696901,8.607184627699338,-12.457277512760498,6.142939110095139,0.8750081227697596,1.3343594795584492
0.7339249381627473,9.95856917542459,8.626423243794644,-12.52937582809841,6.034159232447273,0.8784894565448363,1.3366670293057543
0.737074830601214,9.9190612001187,8.645317229294655,-12.60057159381846,5.924946128961034,0.8819602514197359,1.3389726348754898
0.7402247230396808,9.879328510362884,8.663865118755286,-12.670848977512216,5.815317166031841,0.8854202256507175,1.3412760355032036
0.7433746154781474,9.839373921328425,8.682065505667468,-12.74019265924963,5.705289486983351,0.8888690853533063,1.3435769615193731
0.7465245079166142,9.799200303023145,8.699917042643758,-12.80858782729099,5.594880022829786,0.8923065238740803,1.345875133888605
0.7496744003550809,9.758810579261926,8.71741844155568,-12.876020170899189,5.484105506116049,0.8957322212077233,1.3481702637674584
0.7528242927935477,9.71820772660773,8.734568473730434,-12.94247586821548,5.372982493770342,0.8991458434209143,1.350462052081697
0.7559741852320143,9.6773947733335,8.751365970275865,-13.007941572510342,5.26152738900045,0.9025470420601138,1.352750189097049
0.7591240776704811,9.636374798363873,8.767809822293193,-13.072404392174358,5.1497564787416055,0.9059354536942529,1.3550343540229157
0.7622739701089478,9.595150930261669,8.783898981244763,-13.135851868643,5.0376859684056905,0.9093106993524269,1.3573142146239912
0.7654238625474146,9.553726346212335,8.799632459532463,-13.19827195164353,4.925332025818436,0.912672384143306,1.3595894268464739
0.7685737549858813,9.51210427105131,8.815009330831044,-13.2596529686686,4.812710830618732,0.9160200967626724,1.3618596345049065
0.771723647424348,9.470287976295051,8.830028730889817,-13.319983594556453,4.699838622275126,0.919353409200534,1.3641244689344685
0.7748735398628147,9.428280779284197,8.84468985816133,-13.37925281701394,4.5867317636978555,0.9226718763648025,1.3663835487406268
0.7780234323012815,9.386086042255098,8.858991974636144,-13.437449899437604,4.473406798254517,0.9259750357936261,1.368636479520928
0.7811733247397482,9.343707171570957,8.872934406885488,-13.494564342121794,4.359880517697045,0.9292624075459566,1.3708828536642623
0.784323217178215,9.30114761699966,8.886516546997802,-13.55058584217587,4.246170020848302,0.9325334938719967,1.37312225015569
0.7874731096166816,9.258410870940537,8.899737853937944,-13.605504252826927,4.132292796315353,0.9357877792282706,1.3753542344336336
0.7906230020551483,9.215500467873609,8.912597854738527,-13.659309538826603,4.018266785751342,0.9390247301857992,1.3775783583054
0.7937728944936151,9.172419983737583,8.92509614603537,-13.71199173533725,3.9041104554181523,0.9422437954197241,1.3797941598289998
0.7969227869320819,9.129173035483625,8.937232395696476,-13.763540904485405,3.789842876495788,0.9454444057821464,1.382001163357692
0.8000726793705485,9.085763280574685,8.949006344413496,-13.813947093138953,3.675483789064847,0.9486259745046971,1.3841988794926037
0.8032225718090152,9.042194416675848,8.96041780764267,-13.863200291073724,3.5610536813648803,0.9517878972601298,1.3863868052145087
0.806372464247482,8.998470181343414,8.971466677684429,-13.91129039084478,3.4465738581893,0.9549295525277561,1.3885644239031467
0.8095223566859487,8.954594351740617,8.982152925556399,-13.958207150678698,3.332066502906857,0.9580503018549276,1.3907312055864376
0.8126722491244155,8.910570744581676,8.992476603373714,-14.003940157428186,3.2175547497703754,0.9611494902122701,1.392886607072247
0.8158221415628821,8.866403215777192,9.002437846603456,-14.048478794038566,3.103062739973776,0.9642264464659168,1.3950300721856572
0.8189720340013489,8.822095660636226,9.012036876461192,-14.091812210232666,2.988615677624514,0.9672804838514372,1.3971610320982493
0.8221219264398156,8.777652013629872,9.021274002492024,-14.133929295578787,2.874239879111874,0.9703109004676174,1.3992789056217418
0.8252718188782824,8.733076248459485,9.030149625048416,-14.174818658886883,2.759962821824214,0.9733169799304431,1.4013830995739671
0.828421711316749,8.688372378198451,9.038664238031293,-14.214468609828796,2.645813174950389,0.9762979919766506,1.4034730091992627
0.8315716037552158,8.643544455175416,9.046818431395119,-14.252867147419709,2.531820831491542,0.9792531931516677,1.4055480186365887
0.8347214961936825,8.598596571003004,9.054612894065853,-14.29000195148941,2.4180169326232512,0.982181827518593,1.4076075013842235
0.8378713886321493,8.553532857043797,9.062048416529057,-14.32586038361838,2.304433877385174,0.9850831275071007,1.4096508207944058
0.841021281070616,8.508357483922914,9.069125893602074,-14.360429488508377,2.191105326925884,0.9879563145996377,1.4116773307283914
0.8441711735090827,8.463074661995662,9.07584632708841,-14.393696006243681,2.078066198871822,0.9908006002672146,1.413686376030522
0.8473210659475494,8.417688641074399,9.082210828585227,-14.425646389233895,1.9653526545880897,0.9936151867303282,1.4156772932071644
0.8504709583860162,8.372203710580848,9.088220621740351,-14.456266822401862,1.8530020655222597,0.9963992679474167,1.4176494111272608
0.8536208508244829,8.32662419935082,9.093877045151093,-14.485543257270741,1.741052986106192,0.9991520304440091,1.4196020515510162
0.8567707432629497,8.280954475420748,9.099181554553287,-14.513461442012641,1.6295451000676593,1.001872654273288,1.4215345299752205
0.8599206357014163,8.23519894593986,9.104135725097997,-14.540006970000674,1.5185191698285667,1.004560313919507,1.4234461562466034
0.863070528139883,8.189362056699096,9.108741253633992,-14.565165322691435,1.408016958879946,1.0072141792418756,1.4253362353744234
0.8662204205783498,8.143448291623812,9.112999960604279,-14.58892193031278,1.2980811617817416,1.0098334164479057,1.4272040681714597
0.8693703130168166,8.097462172351008,9.116913791826448,-14.611262226745287,1.1887553095053782,1.012417188948834,1.429048952117761
0.8725202054552832,8.051408257549207,9.120484819886348,-14.632171722047822,1.0800836785127998,1.0149646584188678,1.4308701820541614
0.8756700978937499,8.005291141787165,9.123715245867317,-14.651636069999007,0.9721111749945113,1.0174749855951137,1.4326670509560124
0.8788199903322167,7.959115454836637,9.126607400527213,-14.66964114702919,0.8648832212119384,1.019947331215498,1.434438850790978
0.8819698827706834,7.912885860362953,9.129163744413828,-14.686173135611728,0.7584456341463497,1.02238085706632,1.4361848731306792
0.8851197752091502,7.8666070545758275,9.13138686924125,-14.701218606905714,0.6528444841592638,1.024774726607355,1.4379044100731204
0.8882696676476168,7.820283764839102,9.133279497945054,-14.714764613077852,0.5481259682691544,1.027128106055992,1.439596754983813
0.8914195600860836,7.773920747704531,9.134844484455666,-14.72679877441205,0.4443362486871223,1.0294401650714144,1.4412612031177714
0.8945694525245503,7.727522787236607,9.136084813563757,-14.737309382088387,0.3415213180973886,1.0317100776753476,1.442897052577918
0.8977193449630171,7.681094692854812,9.137003600175037,-14.746285486384934,0.23972683620084645,1.0339370229052134,1.444503604865691
0.9008692374014838,7.634641296927903,9.137604088501071,-14.75371699861185,0.13899797837366634,1.0361201857736433,1.446080165730803
0.9040191298399505,7.588167452294891,9.137889650624464,-14.759594787356672,0.03937926522740476,1.0382587578094251,1.4476260457894958
0.9071690222784172,7.541678029622907,9.137863784288609,-14.763910771455913,-0.05908557739326703,1.0403519377704644,1.4491405612824144
0.910318914716884,7.495177914271147,9.137530111894284,-14.766658019458557,-0.15635379597254406,1.0423989323868326,1.4506230347684734
0.9134688071553507,7.448672003405071,9.136892377388003,-14.767830841516714,-0.25238375723873396,1.044398957049729,1.452072795633745
0.9166186995938174,7.402165202523123,9.135954443546607,-14.767424874831399,-0.3471351024801663,1.0463512362639316,1.4534891808889894
0.9197685920322841,7.355662422065904,9.134720289250803,-14.765437176159745,-0.440568896492497,1.0482550042149543,1.4548715357395694
0.9229184844707509,7.309168573294676,9.133194005776911,-14.761866295145136,-0.5326477770248133,1.0501095055369287,1.456219214087933
0.9260683769092176,7.262688564989884,9.131379793428284,-14.756712354187647,-0.6233360838255777,1.051913995664023,1.4575315792215608
0.9292182693476844,7.216227298841946,9.12928195721959,-14.749977115625228,-0.7125999830243774,1.0536677412943647,1.4588080042622167
0.932368161786151,7.169789665765393,9.126904902064835,-14.741664046497611,-0.800407612576727,1.055370020932211,1.460047872776373
0.9355180542246178,7.123380540948684,9.1242531294692,-14.73177836740163,-0.8867291566611186,1.057020125285834,1.4612505791748622
0.9386679466630845,7.077004780086476,9.121331230967327,-14.720327101018633,-0.9715369644899123,1.0586173578898035,1.4624155292817003
0.9418178391015513,7.030667214054961,9.11814388462339,-14.707319106466679,-1.0548056349564465,1.060161035178723,1.463542140722985
0.944967731540018,6.984372644750172,9.114695848144425,-14.69276510873909,-1.1365120772026387,1.0616504870293533,1.4646298434319038
0.9481176239784846,6.93812584012409,9.110991954627199,-14.676677715968312,-1.2166355795800996,1.0630850571430843,1.4656780799312175
0.9512675164169514,6.891931529688553,9.107037105912703,-14.65907141993184,-1.2951578595013995,1.0644641034518925,1.4666863058722102
0.9544174088554181,6.845794398980861,9.102836266396604,-14.639962596143246,-1.372063063896574,1.065786998406569,1.4676539902932004
0.9575673012938849,6.7997190855296825,9.098394458827872,-14.619369485799583,-1.4473378152018377,1.067053129183147,1.468580615994311
0.9607171937323515,6.753710173675862,9.093716755537828,-14.597312171578595,-1.5209711853465908,1.0682618981120289,1.4694656799151569
0.9638670861708183,6.707772189682362,9.088808274149928,-14.573812532913811,-1.5929546927031826,1.0694127230279709,1.4703086933045642
0.967016978609285,6.661909597073283,9.083674171021753,-14.548894208339071,-1.6632822576058057,1.0705050375434642,1.4711091821963698
0.9701668710477518,6.616126792499261,9.078319634178772,-14.522582521787697,-1.7319501525953456,1.0715382911779188,1.4718666875226862
0.9733167634862185,6.570428100238151,9.072749877763446,-14.49490441575818,-1.7989569430823895,1.0725119498875364,1.4725807654061547
0.9764666559246852,6.524817768578543,9.066970135718112,-14.465888374719356,-1.864303404430867,1.0734254961890888,1.473250987445636
0.9796165483631519,6.479299965529371,9.060985655804878,-14.435564329813225,-1.9279924387352754,1.0742784293732552,1.4738769408203662
0.9827664408016187,6.433878774408743,9.054801693207459,-14.403963556554466,-1.9900289296167113,1.0750702657339686,1.4744582285233734
0.9859163332400854,6.388558190147102,9.048423504302265,-14.371118563771466,-2.0504196787966738,1.0758005390301166,1.4749944696960555
0.9890662256785522,6.3433421156107785,9.041856342875274,-14.337062982561902,-2.1091732402956183,1.0764688005230767,1.475485299418519
0.9922161181170188,6.2982343583117615,9.035105451351038,-14.30183143277949,-2.166299789385027,1.07707461913775,1.4759303691206007
0.9953660105554856,6.253238627351219,9.028176058482442,-14.26545940538523,-2.221810967275518,1.0776175817257563,1.4763293466689094
0.9985159029939523,6.208358530351209,9.021073372614019,-14.227983113346989,-2.27571973531259,1.078097293272948,1.4766819163991802
1.001665795432419,6.1635975705630415,9.013802577423874,-14.189439353125401,-2.328040222817087,1.078513376765447,1.4769877791185273
1.0048156878708858,6.118959145431308,9.006368826459886,-14.14986537609784,-2.378787530028312,1.0788654736726757,1.477246652241271
1.0079655803093526,6.074446543602123,8.998777239919926,-14.109298726818025,-2.4279776083245572,1.079153243744291,1.4774582696890224
1.0111154727478193,6.030062944448526,8.991032899919244,-14.067777113758565,-2.475627056131419,1.0793763650041137,1.4776223820792085
1.0142653651862858,5.985811415206222,8.983140846899223,-14.02533825670454,-2.5217529837683834,1.0795345341602978,1.4777387563294642
1.0174152576247526,5.941694911739121,8.975106076116381,-13.982019745378642,-2.5663728256115412,1.0796274657576483,1.4778071760640397
1.0205651500632194,5.897716276166935,8.966933534423289,-13.937858906812256,-2.6095042060046953,1.0796548926773593,1.4778274410186991
1.023715042501686,5.853878237965285,8.958628118330596,-13.892892675632188,-2.6511647942218666,1.0796165659769448,1.4777993672759553
1.0268649349401529,5.810183412283116,8.950194669830005,-13.84715745857206,-2.6913721606278678,1.079512254306466,1.4777227867018279
1.0300148273786196,5.76663430215896,8.941637974783742,-13.80068901675904,-2.7301436240802275,1.0793417436524253,1.4775975471911544
1.0331647198170864,5.723233298365079,8.932962762330188,-13.753522367182413,-2.7674961678541035,1.079104837421578,1.4774235120301067
1.036314612255553,5.679982678693911,8.924173701514457,-13.705691667559657,-2.803446369258939,1.0788013551573121,1.477200559732096
1.0394645046940199,5.636884612296812,8.915275400536196,-13.657230130525924,-2.8380102123788546,1.0784311328468863,1.47692858385141
1.0426143971324864,5.593941158184157,8.906272406407973,-13.608169953987879,-2.8712031250188588,1.0779940219390731,1.4766074922425616
1.0457642895709531,5.551154268507099,8.897169202440809,-13.558542241173855,-2.903039863455966,1.0774898885537774,1.4762372072377894
1.0489141820094199,5.508525790650198,8.88797020951239,-13.508376955392762,-2.9335344902550062,1.076918613103549,1.47581766423523
1.0520640744478866,5.466057467981637,8.878679783950583,-13.45770286882494,-2.962700370499345,1.0762800891721613,1.47534881237465
1.0552139668863534,5.42375094353795,8.8693022193423,-13.406547564104567,-2.990550147829236,1.075574222432148,1.474830613111953
1.0583638593248201,5.381607762661378,8.859841744887067,-13.35493739685292,-3.0170957878820417,1.0748009302045993,1.4742630398599124
1.0615137517632869,5.339629374053389,8.850302524707294,-13.302897496113758,-3.0423485812354514,1.0739601399217706,1.4736460778264755
1.0646636442017536,5.297817134111616,8.840688661740797,-13.250451805889472,-3.066319257577245,1.0730517879943384,1.4729797222750873
1.0678135366402204,5.256172309726366,8.831004193614467,-13.197623099130167,-3.089017965566695,1.0720758191201905,1.4722639791980878
1.070963429078687,5.214696079192252,8.821253097214296,-13.144433007136868,-3.1104544701351795,1.0710321842064046,1.4714988636512554
1.0741133215171537,5.173389538507773,8.811439285969426,-13.090902111135279,-3.1306381505865755,1.069920839904572,1.4706843992893759
1.0772632139556204,5.132253701086774,8.801566612016162,-13.03704999563794,-3.1495781969677203,1.0687417469573242,1.4698206176618192
1.0804131063940872,5.091289503045342,8.79163886723436,-12.982895297648529,-3.167283646727766,1.0674948680891807,1.4689075574255832
1.083562998832554,5.050497804445768,8.781659782098384,-12.928455852345625,-3.183763622722095,1.0661801680509086,1.4679452632718828
1.0867128912710207,5.00987939336658,8.771633028245853,-12.87374874672214,-3.19902735105288,1.0647976111659874,1.4669337855537585
1.0898627837094874,4.969434988551184,8.761562218209285,-12.818790438736833,-3.2130844284873614,1.0633471597523376,1.4658731796069946
1.0930126761479542,4.929165240010041,8.75145090504567,-12.763596877632212,-3.2259448829692214,1.0618287739276195,1.464763504005683
1.096162568586421,4.889070735168554,8.74130258576625,-12.708183599543936,-3.237619342950925,1.060242408915977,1.4636048209939228
1.0993124610248877,4.849151998048754,8.731120697625482,-12.652565853713433,-3.248119171157846,1.0585880142166233,1.4623971950920867
1.1024623534633542,4.809409492978872,8.720908622761675,-12.596758705864929,-3.257456613541235,1.0568655331014039,1.4611406922683026
1.105612245901821,4.769843626994618,8.710669685618313,-12.540777216407857,-3.265644875594502,1.055074900008904,1.4598353799346713
1.1087621383402877,4.730454750159932,8.70040715472611,-12.48463642815676,-3.2726983193091854,1.0532160409525329,1.458481325436062
1.1119120307787544,4.691243159460326,8.690124241641776,-12.42835159756769,-3.2786324689582163,1.0512888710371042,1.4570785963709254
1.1150619232172212,4.652209097132449,8.679824104657392,-12.37193821524323,-3.283464109840864,1.0492932949923364,1.455627259527816
1.118211815655688,4.613352756603582,8.669509844960983,-12.315412116016857,-3.287211400181432,1.047229205575454,1.4541273802250023
1.1213617080941547,4.57467427882475,8.659184508461438,-12.258789583848051,-3.2898938324644096,1.045096482918441,1.4525790229754945
1.1245116005326214,4.536173756933335,8.648851087042507,-12.202087378229503,-3.291532267508032,1.0428949944829766,1.450982250186749
1.1276614929710882,4.497851234280109,8.638512517415585,-12.145322805493052,-3.2921489641197113,1.040624594816295,1.4493371224511669
1.1308113854095547,4.45970670895205,8.628171682070487,-12.088513734199731,-3.291767437159958,1.0382851247338702,1.4476436983826673
1.1339612778480215,4.421740129209498,8.617831407535991,-12.031678682379678,-3.2904125072390826,1.0358764126470876,1.4459020345193214
1.1371111702864882,4.383951397633165,8.607494471956402,-11.974836722265193,-3.288110116307868,1.0333982728013213,1.4441121860888684
1.140261062724955,4.34634037132213,8.59716359486811,-11.918007515314647,-3.284887227998441,1.0308505078867143,1.44227420572987
1.1434109551634217,4.308906859009678,8.586841445818678,-11.861211326321493,-3.280771655116334,1.028232908160864,1.4403881457079337
1.1465608476018885,4.271650626359518,8.576530643675454,-11.804468873173589,-3.275791882495147,1.0255452525128714,1.4384540568525508
1.1497107400403552,4.234571390885423,8.566233755293148,-11.747801360277004,-3.269976952563221,1.022787308798077,1.4364719899910365
1.152860632478822,4.197668825774297,8.555953296881524,-11.691230278763076,-3.2633560604436145,1.019958836827072,1.434441996272363
1.1560105249172887,4.160942557713273,8.545691737894312,-11.63477742863731,-3.255958441954103,1.0170595865633225,1.4323641272920327
1.1591604173557553,4.124392169752287,8.535451500559057,-11.578464703399053,-3.247813109195908,1.014089302347925,1.4302384368279093
1.162310309794222,4.0880171982073925,8.525234962404754,-11.522314039072521,-3.2389484889812117,1.011047721348622,1.428064981340114
1.1654602022326888,4.051817135733897,8.51504445588043,-11.46634715829033,-3.229392215553581,1.007934578278287,1.4258438208519673
1.1686100946711555,4.01579143079212,8.50488227118668,-11.4105855674044,-3.2191707253467428,1.004749603895786,1.4235750193835717
1.1717599871096223,3.979939487249185,8.494750663281188,-11.355050263998878,-3.2083091892542317,1.0014925273333828,1.4212586474235702
1.174909879548089,3.9442606676049206,8.484651846370385,-11.299761623143004,-3.1968309549433087,0.998163079608885,1.4188947811018993
1.1780597719865558,3.9087542897929826,8.474588001449808,-11.244739282619985,-3.184757512867769,0.9947609911181088,1.4164835050299218
1.1812096644250225,3.8734196331347697,8.464561279821723,-11.190001883291131,-3.1721080454928288,0.9912859978433417,1.4140249109915588
1.1843595568634893,3.8382559353827173,8.454573801995041,-11.135566977335847,-3.158899398148849,0.9877378371610697,1.4115191020330011
1.187509449301956,3.80326239631683,8.444627664872844,-11.081450870529869,-3.1451456206370576,0.9841162538522665,1.4089661905734385
1.1906593417404225,3.768438178663388,8.434724937756766,-11.027668390802239,-3.1308580350102453,0.98042099852307,1.4063663007596716
1.1938092341788893,3.7337824099690415,8.424867677272822,-10.974232923984927,-3.1160449416681093,0.9766518275986281,1.4037195686289543
1.196959126617356,3.699294181694082,8.415057919272007,-10.921156185058443,-3.100711651208849,0.972808505951107,1.4010261431353521
1.2001090190558228,3.664972556502187,8.405297685643895,-10.868448118591193,-3.0848602213568608,0.9688908051037286,1.3982861869431396
1.2032589114942895,3.6308165645574526,8.395588992057922,-10.816116920122967,-3.0684897986145856,0.9648985033938332,1.3954998753138679
1.2064088039327563,3.596825212846973,8.385933841643444,-10.764168901421176,-3.051596321075344,0.9608313868407067,1.39266739814923
1.209558696371223,3.5629974791908587,8.37633423341577,-10.712608566265743,-3.0341728790819165,0.9566892468812259,1.3897889589351433
1.2127085888096898,3.529332320059117,8.366792164656209,-10.661438543665014,-3.0162098107643303,0.9524718797812729,1.3868647752178802
1.2158584812481565,3.495828668919966,8.357309632819426,-10.610659713571954,-2.9976948389397755,0.9481790833742567,1.383895077989769
1.219008373686623,3.462485444444612,8.34788863162579,-10.560271199706166,-2.978613477637083,0.9438106582121552,1.3808801110938655
1.2221582661250898,3.429301548322716,8.33853116183606,-10.510270555972582,-2.958949248425604,0.9393664023705852,1.3778201298278148
1.2253081585635566,3.39627586631922,8.329239223230177,-10.460653863363914,-2.9386842155944315,0.9348461088374288,1.3747154017130594
1.2284580510020233,3.3634072729117825,8.32001482367,-10.411415967066947,-2.9177991784001946,0.9302495639580679,1.371566204150489
1.23160794344049,3.3306946347149324,8.310859969240731,-10.362550504438449,-2.8962744181756435,0.9255765430325716,1.3683728227375094
1.2347578358789568,3.2981368089265306,8.301776670252474,-10.314050358227988,-2.8740898897537477,0.9208268068466313,1.3651355507495224
1.2379077283174236,3.265732641973445,8.292766943078174,-10.26590777808653,-2.8512260121622557,0.9160000964171702,1.3618546876795312
1.2410576207558903,3.233480984313502,8.283832800516373,-10.218114669830282,-2.8276639908203567,0.9110961286347189,1.3585305361909064
1.244207513194357,3.201380670813835,8.274976256007738,-10.170662861743152,-2.8033865242917138,0.9061145956489676,1.3551634011856788
1.2473574056328236,3.1694305370103493,8.26619931845786,-10.123544413699717,-2.7783780267540124,0.9010551535923138,1.351753587719988
1.2505072980712904,3.1376294186723506,8.257503989330084,-10.076751934597068,-2.7526256417089243,0.8959174264784675,1.348301399764066
1.253657190509757,3.105976139821884,8.24889226290405,-10.030278838862069,-2.7261191652629364,0.8907009928452946,1.344807136964859
1.2568070829482239,3.0744695270987563,8.24036612188801,-9.984119654680518,-2.6988517882998355,0.8854053853087505,1.3412710933811778
1.2599569753866906,3.043108401652182,8.231927524482781,-9.938270374941878,-2.6708205719446596,0.8800300913390237,1.3376935573405722
1.2631068678251574,3.0118915744880805,8.223578417899747,-9.892728442366264,-2.6420263316648107,0.8745745400732573,1.3340748059288803
1.266256760263624,2.9808178563312264,8.215320718639886,-9.847493399637887,-2.6124741926325648,0.8690381052706193,1.330415108232581
1.2694066527020909,2.949886042991798,8.207156323518495,-9.802566651323547,-2.582173800247837,0.8634200992282283,1.3267147233609462
1.2725565451405576,2.9190949248174576,8.199087095484911,-9.757951891742524,-2.5511389052060824,0.8577197730284923,1.3229738947988932
1.2757064375790241,2.8884432801983557,8.191114858851897,-9.713655157352946,-2.5193878781244816,0.8519363141291586,1.3191928588527666
1.2788563300174909,2.857929868264824,8.183241404188486,-9.669684769604215,-2.4869429277460355,0.846068841658849,1.3153718376468577
1.2820062224559576,2.8275534393401838,8.175468491576389,-9.626051420792743,-2.45383011265508,0.8401164113498504,1.311511041664653
1.2851561148944244,2.797312718530037,8.167797832177135,-9.58276815927806,-2.420078951365337,0.8340780152566698,1.3076106732443367
1.2883060073328911,2.767206412204642,8.160231104598571,-9.539850179828111,-2.385722050748072,0.827952579047769,1.3036709272193567
1.2914558997713579,2.7372332069797096,8.152769944375933,-9.497314685442074,-2.3507935235266224,0.8217389696172693,1.2996919922166794
1.2946057922098246,2.7073917638577907,8.145415951070119,-9.455180558959892,-2.3153293524665877,0.8154359963596703,1.2956740542681755
1.2977556846482914,2.6776807134039995,8.1381706925529,-9.41346830122678,-2.2793659062615905,0.8090424180821635,1.2916173034465182
1.3009055770867581,2.6480986631926715,8.131035707724692,-9.372199465415614,-2.2429391611853084,0.8025569420830956,1.2875219345926423
1.3040554695252249,2.618644190272205,8.12401250168882,-9.331396090036364,-2.206083652533003,0.7959782416757947,1.2833881539144887
1.3072053619636914,2.589315841485627,8.117102577738207,-9.291080876381603,-2.1688312867380315,0.7893049521040055,1.2792161879701347
1.3103552544021582,2.5601121369200666,8.110307410675006,-9.251275933718972,-2.131210701554677,0.7825356875566534,1.2750062855475994
1.313505146840625,2.53103156646268,8.103628489476916,-9.212002805206856,-2.093245360535846,0.7756690437508136,1.2707587292589246
1.3166550392790917,2.5020725886599777,8.097067309364189,-9.173281830983342,-2.054953430473933,0.7687036160187023,1.266473839814156
1.3198049317175584,2.473233641532552,8.09062538593034,-9.13513156950876,-2.016345872879791,0.7616379990702825,1.2621519877483525
1.3229548241560252,2.4445131359959777,8.084304264716858,-9.097568348889522,-1.9774268288899304,0.754470812233512,1.2577935994975042
1.326104716594492,2.4159094586369676,8.078105542478829,-9.060605701971221,-1.9381913625789622,0.747200691276307,1.2533991700641005
1.3292546090329587,2.387420980695371,8.072030869306241,-9.02425415358529,-1.8986255932152645,0.7398263222559234,1.248969269444222
1.3324045014714254,2.3590460561828674,8.066081984562986,-8.988520731245261,-1.8587063543133358,0.7323464361689421,1.244504554289573
1.335554393909892,2.330783034261481,8.060260693848761,-8.953408543339942,-1.8184010354274367,0.7247598274790702,1.2400057763803443
1.3387042863483587,2.3026302457347025,8.05456891760076,-8.91891697636272,-1.7776667780344795,0.7170653669710373,1.2354737946305359
1.3418541787868254,2.2745860227473926,8.049008688666198,-8.885041215740488,-1.736451371295166,0.7092620107246494,1.2309095807071158
1.3450040712252922,2.246648706900297,8.043582161166771,-8.851772381215717,-1.6946941638413406,0.7013488090135571,1.2263142331581758
1.348153963663759,2.2188166390110506,8.038291620313716,-8.819097696640505,-1.6523257305094479,0.6933249185606092,1.2216889832914823
1.3513038561022257,2.1910881653399077,8.033139505760348,-8.787000893814753,-1.6092697338048758,0.6851896143119508,1.217035203967617
1.3544537485406924,2.163461664639808,8.028128399587137,-8.755462360746908,-1.5654443520949908,0.676942298169425,1.2123544159038828
1.3576036409791592,2.135935507958818,8.023261046453092,-8.724459768412228,-1.5207627918927216,0.6685824991320303,1.2076482975436291
1.360753533417626,2.1085081057804107,8.018540336201543,-8.693968838107335,-1.4751365602777327,0.6601098927262985,1.2029186879568108
1.3639034258560925,2.081177880407539,8.013969331591282,-8.663963951869047,-1.4284764140297632,0.6515242983960912,1.1981675907284788
1.3670533182945592,2.0539432898178482,8.009551230660577,-8.634418811367667,-1.3806941529964298,0.6428256975096025,1.1933971842834403
1.370203210733026,2.026802801377686,8.005289387004163,-8.605308125013234,-1.3317062660752246,0.6340142291740184,1.1886098134270062
1.3733531031714927,1.9997549089992521,8.001187287481773,-8.576607670180456,-1.2814346032088135,0.6250901982450702,1.1838080030909046
1.3765029956099595,1.9727981253672624,7.997248560791336,-8.548295996383253,-1.2298090566147284,0.6160540862378643,1.178994447092345
1.3796528880484262,1.9459309793296136,7.9934769027873145,-8.520355069049288,-1.1767698800682869,0.606906551712192,1.174172014560968
1.382802780486893,1.9191520133477695,7.989876170774831,-8.492771446938997,-1.122268803255139,0.5976484509650419,1.1693437493276102
1.3859526729253597,1.8924597637308338,7.986450251166193,-8.465536999736909,-1.0662712391721438,0.5882808225248549,1.1645128576006123
1.3891025653638265,1.8658527818012072,7.983203088790237,-8.438649951747829,-1.0087562561524361,0.5788049245294766,1.159682714875661
1.3922524578022932,1.8393295867163264,7.980138684361622,-8.412115412296016,-0.9497185163862429,0.5692222207810078,1.154856851474643
1.3954023502407598,1.812888701327509,7.9772610621603075,-8.385945334080805,-0.8891673420839492,0.5595344040614781,1.1500389501429007
1.3985522426792265,1.7865285885901319,7.97457423614417,-8.3601597513593,-0.8271259025593274,0.5497434135642723,1.1452328464797696
1.4017021351176933,1.7602477024712737,7.972082224496706,-8.334785844726234,-0.7636314648398752,0.5398514420971663,1.1404425077093612
1.40485202755616,1.7340444319132065,7.969789008858141,-8.309857884216663,-0.6987319003994159,0.5298609668289158,1.1356720365895778
1.4080019199946268,1.707917105247656,7.967698548386435,-8.28541692504574,-0.6324827090515459,0.519774747362568,1.130925649781644
1.4111518124330935,1.6818639923789203,7.965814765298516,-8.261509054288455,-0.5649463508285724,0.5095958631359893,1.126207692103335
1.4143017048715603,1.6558832784468347,7.964141547965069,-8.238185185552346,-0.4961853837796788,0.49932774694907445,1.1215226025350853
1.417451597310027,1.6299730868119955,7.962682786457112,-8.215498736946058,-0.42625935409214044,0.4889741752546444,1.1168749167304248
1.4206014897484938,1.6041314294280404,7.961442352612934,-8.193504509646933,-0.355220611164647,0.47853932707939817,1.1122692529626843
1.4237513821869603,1.5783562549980772,7.960424155240055,-8.172256332184457,-0.28310738102752175,0.46802778093805325,1.1077103087224591
1.426901274625427,1.5526454016874371,7.959632150246444,-8.15180490851808,-0.20994131533376148,0.45744454890171077,1.1032028334673225
1.4300511670638938,1.526996655447924,7.959070391247231,-8.132196419325977,-0.1357197049677854,0.4467950935196018,1.0987516309252832
1.4332010595023605,1.5014076993301053,7.958743094734011,-8.113469761147499,-0.06041364833759921,0.4360853478296985,1.0943615369254969
1.4363509519408273,1.4758761401485962,7.958654661969156,-8.095654560611685,0.016036943552920846,0.42532169478951953,1.0900374059692042
1.439500844379294,1.450399550751163,7.95880977204817,-8.078770847857806,0.09372645923837197,0.4145110124885779,1.0857840905658653
1.4426507368177608,1.4249754421041168,7.959213370024214,-8.06282623918312,0.1727822262210008,0.4036606324464981,1.0816064182610123
1.4458006292562275,1.3996012825633422,7.9598708292588825,-8.047816185198217,0.2533681931645315,0.39277833688381575,1.07750917634986
1.4489505216946943,1.374274517961938,7.960787904749196,-8.033723900158531,0.33567943276944234,0.3818723106972406,1.0734970782501219
1.4521004141331608,1.34899260549982,7.9619708726175595,-8.020520065772644,0.41993930991894857,0.3709511336496637,1.0695747246639273
1.4552503065716276,1.323753005310376,7.963426514661348,-8.008165513702252,0.5063919559407815,0.36002367661493995,1.065746590575193
1.4584001990100943,1.2985531652236357,7.965162139711529,-7.996613730009778,0.5952954136439992,0.34909904852432166,1.0620169695734065
1.461550091448561,1.2733906144589078,7.9671856467335385,-7.9858116098564675,0.6869093278782579,0.3381865458759174,1.0583899287070804
1.4646999838870278,1.2482628759074252,7.969505443808231,-7.975706575680458,0.781484530686388,0.32729548929064184,1.0548692790564587
1.4678498763254946,1.2231675148404282,7.97213051388931,-7.966248748708994,0.879247784001306,0.31643514426476244,1.0514585207364247
1.4709997687639613,1.1981021332876445,7.975070243626073,-7.957396737991761,0.9803869680207722,0.30561460195854767,1.048160780081382
1.474149661202428,1.1730643367526117,7.978334431817936,-7.94912237738508,1.0850387989880215,0.29484263469361216,1.0449787793622176
1.4772995536408948,1.1480517212309298,7.981933116579798,-7.9414181590659965,1.1932736015601115,0.2841275586241796,1.041914767725007
1.4804494460793616,1.1230618739838487,7.985876552558498,-7.934297381069106,1.3050894722070119,0.27347710983604284,1.0389704995323434
1.483599338517828,1.0980922779531443,7.9901749253674375,-7.927801591168457,1.420395814344488,0.26289831921954926,1.0361471688413133
1.4867492309562949,1.0731403943776598,7.994838291861706,-7.922001404171929,1.539021504353526,0.2523973414291068,1.0334454018769375
1.4898991233947616,1.0482034201765469,7.999876399606768,-7.916997147029313,1.6607157116928786,0.2419794578380528,1.0308652266750697
1.4930490158332284,1.0232785044123922,8.005298529668407,-7.912915846392453,1.7851616078141301,0.2316488946020847,1.028406067680132
1.496198908271695,0.9983624869936367,8.01111343900968,-7.909906230175771,1.9119990454736584,0.2214088032795534,1.0260667683235012
1.4993488007101619,0.9734519543879756,8.01732918525892,-7.908134140861648,2.04085607363605,0.21126126828614203,1.0238456219841976
1.5024986931486286,0.9485432397084761,8.023953196342747,-7.907766517520266,2.171400005525463,0.20120721669039415,1.021740419816031
1.5056485855870954,0.923632414965839,8.030992389727762,-7.9089610441648155,2.3033830194398686,0.19124655389873274,1.0197485484505897
1.508798478025562,0.8987151476406776,8.038453422499895,-7.911851869811508,2.4367151843433508,0.18137813421749766,1.017867091492214
1.5119483704640286,0.8737869645553538,8.046342886790896,-7.916529612471073,2.571529116220111,0.17159977438899082,1.0160929146606792
1.5150982629024954,0.8488431339593969,8.054668083830721,-7.923027449214045,2.7082621127228226,0.16190839146523456,1.0144228368501
1.5182481553409621,0.8238787878785363,8.063437607281749,-7.9313086162607815,2.8477232014813705,0.1522997985048526,1.012853784143543
1.5213980477794289,0.7988889924287008,8.072662346705307,-7.941258510337719,2.9911658563415937,0.14276884223286487,1.0113828339985769
1.5245479402178956,0.7738689341933451,8.082356625252348,-7.95268628211119,3.1403282205862517,0.13330906564564832,1.0100074574045421
1.5276978326563624,0.7488139096029407,8.092539668386902,-7.965338709397014,3.2974765303669678,0.1239124187272655,1.0087254675069355
1.5308477250948291,0.7237195579861861,8.103237330504012,-7.978931234314284,3.4653757567455816,0.11456886181023229,1.0075351523156575
1.5339976175332959,0.6985818003029358,8.114483252684593,-7.993190893715863,3.647268865518649,0.10526565395117138,1.0064351693582947
1.5371475099717626,0.6733969482575599,8.12632166026448,-8.007928619096383,3.846765586854305,0.09598660201384054,1.0054244386240627
1.5402974024102292,0.6481615721333682,8.138808253420402,-8.023112975547226,4.067719458329458,0.08671130004213745,1.004501996757923
1.543447294848696,0.6228723753507133,8.152012764551156,-8.03896477499598,4.314090213216813,0.07741424701014776,1.0036666466410615
1.5465971872871627,0.5975256998659031,8.166020060298584,-8.056033337272035,4.589774906451942,0.0680646499775186,1.0029168484971804
1.5497470797256294,0.5721171173973207,8.180931453663488,-8.075238574864612,4.898539207354384,0.058626600066756095,1.0022504919530584
1.5528969721640962,0.5466406785824613,8.196865172554611,-8.09783465826419,5.244102157859215,0.04906117809535297,1.001664996120537
1.556046864602563,0.5210881298169543,8.213956415775227,-8.12520610306362,5.6305300316135,0.039330734546975714,1.0011581154304086
1.5591967570410297,0.4954477757939042,8.232356268841766,-8.158432526901814,6.063166302730445,0.029407224073814596,1.0007295079270755
1.5623466494794964,0.4697038938351419,8.252230089952345,-8.197414819220143,6.550442981035863,0.019286686714686835,1.000383970889969
1.5654965419179632,0.44383623178022447,8.273755054538542,-8.239404318077378,7.10697588167547,0.009012328397713494,1.0001371195756907
1.56864643435643,0.41782060328695003,8.297116644599651,-8.27663912656754,7.75866994715471,-0.001288931880527624,1.0000249088017883
1.5717963267948964,0.39163094273874144,8.32250698998819,-8.29264527319995,8.550574493903135,-0.011352420348984022,1.0001182311076238
