"alpha","tau","r","Dtau","Dr","ur","utau"
0.017563837983912797,13.012038001392515,0.3323111960873209,-0.04614318403946527,12.615103474790892,0.030205074202245063,1.0004560692541993
0.035118286467645456,13.010950677836057,0.5538297562405278,-0.07814691391741846,12.623774126933478,0.05034506388038081,1.0012665107038783
0.05265391929127864,13.009281771450759,0.7753149746160524,-0.112649595840427,12.638366354470472,0.07049013712848905,1.0024813511643962
0.07016162862511587,13.006985717499754,0.9967535426851927,-0.15026137582972332,12.658691481382247,0.09064265016034675,1.0040996414838972
0.08763276174928392,13.004001365725552,1.2181321801546996,-0.19219907371130554,12.684403073117224,0.11080524908245376,1.006120173351188
0.10505925796855756,13.00025140303516,1.4394376431101061,-0.23905073410779903,12.715151849948322,0.13098087198012678,1.008541515667389
0.12243373630753832,12.995646765654895,1.660656732216491,-0.29229297935654563,12.750387130685276,0.15117272283019056,1.0113620479966081
0.13974978110875536,12.990069125296177,1.8817763009898762,-0.3532802112807723,12.789504590509287,0.17138413411541664,1.014579972908243
0.1570019851325301,12.983383848878594,2.1027832641527273,-0.4234916258001485,12.831671252424867,0.1916184400763008,1.0181933149344848
0.17418615060092205,12.975433005983568,2.3236646060873465,-0.5035875532483942,12.876250958225695,0.21187879135355017,1.022199893477514
0.19129934304808935,12.966041286954733,2.544407389401313,-0.5965676364016701,12.921757044695914,0.23216800133176438,1.0265972826977414
0.20834029951568572,12.954996456429793,2.7649987636195617,-0.7016697590009945,12.96791089887881,0.25248844394933834,1.031382768097256
0.22530942968446335,12.942061109948316,2.985425974018184,-0.8270432138277731,13.0111222702481,0.27284208331419474,1.036553328308404
0.24220903472902328,12.92696727850965,3.2056763706155675,-0.9595267004474289,13.055020519072363,0.29323060010588253,1.0421056495569228
0.25904337066736194,12.909420330340971,3.4257374173371216,-1.135138317019315,13.08615787685079,0.31365556887612744,1.0480361710776052
0.2758188027235591,12.889096694859692,3.6455967013705193,-1.2764577487241586,13.129896589831494,0.33411865590931406,1.0543411574185306
0.29254369847540507,12.86565373632753,3.865241942729129,-1.5644989734521768,13.12269589962822,0.35462150979581086,1.0610166894115571
0.30922971469611205,12.83867660860365,4.08466100404216,-1.6195314242110699,13.19357253984402,0.3751676249614491,1.0680593367501707
0.3258896994978377,12.807778347251856,4.303841900590962,-2.0835321701071585,13.120453163219338,0.3957594897174763,1.0754652824249777
0.32699629397049357,12.805471616389035,4.318363675047044,-2.0844339118415682,13.12580222696171,0.39711496491545717,1.0759648206887644
0.3425397019661052,12.772512477143373,4.5227728106119045,-2.3228760528704115,13.11674686829015,0.4164014015849863,1.0832313359767345
0.3461971483204506,12.763829741946338,4.570713652983122,-2.410703191505291,13.10385750464331,0.42090001503200486,1.0849685814132786
0.35919846124081123,12.732402434206438,4.741442085887394,-2.487858036508525,13.13296109199145,0.4370993701308941,1.0913550565094865
0.37588736193781924,12.686947164182971,4.959838262647786,-2.7509378824054265,13.123173597624072,0.45786109774930933,1.0998348898049208
0.3926309996527459,12.635604606762044,5.177950072808224,-3.5141991415926306,12.874655308888128,0.47869942422200584,1.1086717903647048
0.4016749360524902,12.604827616455168,5.295004525407439,-3.2873371936621636,13.011975705838566,0.48988607628481873,1.113547649513812
0.4094567589602855,12.577812136170502,5.395766455565949,-3.7223467142527005,12.855762332440781,0.49963014288309743,1.1178686325670761
0.4110766131004488,12.571724642344554,5.41657095075721,-3.786908730848933,12.834030558093415,0.501620912986955,1.1187598224578261
0.4183477196153201,12.544107048007517,5.509948085732316,-3.7869773586997058,12.860050888333426,0.5106123971046749,1.1228201191985216
0.4263954596629785,12.512968798662763,5.613276569385111,-3.9738646603582044,12.809322599930022,0.5206722645946196,1.127430533167383
0.443482011765874,12.440421526614346,5.830469804397872,-4.627129649560158,12.55759087245755,0.5418522740803445,1.1373670853888997
0.450515583309415,12.407865502187288,5.918870473168678,-4.584906838875708,12.600463479319817,0.5504911679918988,1.1415080052444155
0.4607557761210562,12.359463674664394,6.047335795252401,-4.997722974918303,12.425434549473518,0.5632062247241351,1.1476938840858275
0.4639898417742737,12.343092451469545,6.087428870231234,-5.107348904840578,12.37806929755956,0.5671567074363124,1.1496376519538662
0.4689586186402888,12.317691821281526,6.148948661062714,-5.09340513247866,12.396819702723079,0.57325593907649,1.1526588270977967
0.4782618545013239,12.269307771008329,6.263864434440456,-5.55895385607262,12.173317620986019,0.5847729186706372,1.158429698518894
0.4922791130768887,12.190688670341435,6.434345836636402,-5.466820614805613,12.251314598154252,0.6019411635818565,1.1671902862919479
0.4960519035455229,12.169078027800596,6.480045886139358,-5.96464509102737,11.987834130135896,0.6066080227353049,1.16960390442527
0.4977099620463774,12.159092624919772,6.499872267598244,-6.062331494614924,11.936843394157108,0.6086172540158714,1.1706472405835242
0.5022288130606015,12.131683457017754,6.55381337693131,-6.0666352468779685,11.937889611244309,0.614110844753872,1.173512730925538
0.5069916995535588,12.102482153670973,6.610516046441603,-6.18296852665363,11.879429722179628,0.6199291981464212,1.1765679796401332
0.5141870471597252,12.05774872734569,6.695870600605634,-6.361585646920215,11.78142993480261,0.628772961811405,1.1812516402126545
0.5244677134650647,11.989887234818042,6.815631736845757,-6.527174305559499,11.69507123460481,0.6412348115866607,1.1879318514083963
0.5327395560076505,11.934128780129269,6.91132932916019,-7.045731857225192,11.389397820169425,0.6513506798518691,1.1934226862865864
0.5345075172944652,11.921624717331273,6.9314365391866275,-7.091436092720147,11.361427046982993,0.6534758391076686,1.194583890858014
0.5374642681601772,11.900604035431172,6.96499446553556,-7.128937063645221,11.3367423622233,0.6570373868747988,1.1965358865288012
0.5407835313872994,11.876843171492565,7.002561749419528,-7.182958427734366,11.302352599279669,0.6610467094912921,1.1987421541471146
0.5517991038081367,11.796735654784067,7.126413139807729,-7.575322205907463,11.05188665420518,0.6744355389491954,1.206177141301265
0.5553084237605568,11.769919283768832,7.1650455364547705,-7.679876170431087,10.981875466140828,0.6786382427675541,1.2085321115082683
0.5590905434730484,11.740790370830014,7.2065160384329,-7.728304185195967,10.944969790858735,0.6831799981795149,1.2110883163141168
0.5625735647001255,11.713757356655748,7.244554636510354,-7.794341746881845,10.897240487052237,0.6873746326484218,1.2134594701136716
0.5667985270587808,11.680696778190816,7.290496374543111,-7.850644228528903,10.853788088009173,0.6924782085822008,1.2163577061708508
0.5714775018746278,11.643735388357461,7.341113433536246,-7.984502671705484,10.758253130405086,0.6981494561879107,1.2195952866321988
0.5832247142386277,11.546350423392699,7.464991198187312,-8.327751171634073,10.505852726738517,0.7121818834910584,1.2276819763981515
0.5919201233580043,11.472742432710048,7.555421961345767,-8.74507569760609,10.1981158588979,0.7226415010738623,1.2337790479150976
0.5967317453690428,11.430245079397011,7.604164724225061,-8.880525439297186,10.087908088795007,0.728340001223373,1.2371253604150483
0.5991176315821014,11.409022107825544,7.6281978792222445,-8.912048053481618,10.056731618401953,0.7311716862334174,1.2387945894091639
0.6021966213893264,11.381486384952945,7.659077407517116,-8.977130580187165,9.999297528149498,0.7348318806682912,1.2409584573411383
0.6051519034296916,11.354900271493573,7.688571214398701,-8.99695768078206,9.973447636921925,0.7383511997465395,1.2430456524871298
0.6133196471702531,11.28061792003167,7.769330842059314,-9.397551815077062,9.656498973670136,0.7481083086771257,1.2488659021335116
0.6139012286837136,11.275141931115456,7.774938624634625,-9.432038215878123,9.629336110314373,0.7487917584051298,1.2492754289809138
0.621024654090368,11.207555894468317,7.843114411735545,-9.546192024209757,9.50964856378387,0.7571746154792922,1.254317901620723
0.6240343157638006,11.178728275011526,7.871641313839346,-9.605421400851798,9.450699454809905,0.7607250736039483,1.2564643399674074
0.6269033549953034,11.151096508148857,7.898679340836923,-9.658611266976507,9.395913587061024,0.7641143134232197,1.2585192425935483
0.6295824273396687,11.125160934594893,7.923788161300488,-9.696635716496953,9.35315094813559,0.7672831829359558,1.2604457476687885
0.635940961871499,11.063083021516341,7.982832580972949,-9.93825077703599,9.137126871533383,0.7748186315493646,1.2650469998367768
0.6426193542826943,10.995483066825068,8.042796730647337,-10.189366690708155,8.905737412393822,0.7826070698179775,1.2698322037690968
0.6451174801813983,10.969987426600603,8.064990969510877,-10.227856512387627,8.858937277056684,0.7855249444368945,1.2716325877912165
0.64813992001724,10.938989671718009,8.091670218033519,-10.281742739218078,8.79667763928876,0.7890585656444742,1.2738184407586959
0.6503715180508836,10.915996486387822,8.11124586676068,-10.327437418425326,8.745589484218836,0.7916698601068467,1.2754376375980105
0.6530518886021407,10.888260050497816,8.134619009101236,-10.352963436714841,8.706638325534602,0.794808755613426,1.277388334845658
0.6601674852699527,10.813994532184818,8.195920089406336,-10.707966935657476,8.37749555509384,0.8031537599511941,1.2825973499597372
0.6618404077814282,10.796004146516946,8.209863769424555,-10.784018737660432,8.304438998243086,0.80508210805198,1.283805748820833
0.6660807171328239,10.750174518005243,8.24491891608829,-10.842737812642566,8.221398488259977,0.8099725650584451,1.286878221179983
0.6686289735827458,10.722475831038839,8.265786804177198,-10.893068838823226,8.159415359591327,0.8129134692274683,1.2887312786036653
0.6711101222927365,10.695393407240015,8.285960253076166,-10.939463635132213,8.100293896416261,0.8157782035502643,1.2905402269544706
0.673581105625888,10.668310983441193,8.305907823766743,-10.97337834868117,8.051249145113506,0.8186323580717266,1.292346291704385
0.6800961042446595,10.596374849541869,8.357807969901934,-11.176147847054512,7.826409183229799,0.8261624258428282,1.2971292741567846
0.6832896380016624,10.560832276938513,8.382876361178019,-11.06956608379646,7.883889549917841,0.8298556485771693,1.2994846661178554
0.6865983529431385,10.52381261386825,8.408586705219927,-11.389009305079579,7.58994500429657,0.8336831670121226,1.3019322651195657
0.6881655601164789,10.505849868512499,8.4203758006846,-11.507467539932385,7.476579420618311,0.8354633222216465,1.3030728923500905
0.6905274871011632,10.478694134621383,8.438024471717414,-11.475032819137308,7.477483471634819,0.8381461119740502,1.3047945834564216
0.6969090895307177,10.40482263712941,8.484992537604366,-11.646902409678493,7.2658778621844355,0.8453940080963669,1.3094621143527752
0.7002633473707816,10.365702577709916,8.509255453538906,-11.691461666497348,7.1904992196602615,0.84920269640532,1.3119242430803946
0.7025169596923853,10.339306371877559,8.525390854045488,-11.732620515697807,7.130329959260405,0.8517610740513423,1.3135817170123434
0.7046550984140093,10.314179062644737,8.540575211044292,-11.772493722481908,7.071912287855806,0.8541878515795372,1.3151566012403486
0.7067863529378539,10.289051753411917,8.555589507831549,-11.800601937897456,7.023507332276614,0.8566062330399609,1.3167286123126936
0.7162569925134962,10.176420415308998,8.620826214370265,-12.186563512737933,6.576079728594678,0.8673436549218382,1.3237390285600756
0.7174348135309064,10.162047669714923,8.628546050977837,-12.215549978182494,6.535619850576238,0.8686533433957709,1.3245975354773432
0.7199780699348581,10.130930041621683,8.645081448097189,-12.25638147585958,6.4665468833743756,0.8714798180955621,1.326452816103111
0.7217232274782981,10.109512560611313,8.65632177757606,-12.288273903631065,6.415473266212171,0.8734180756955503,1.3277270558935363
0.7237520332287761,10.084547803300962,8.669279905987613,-12.321791328302757,6.358809253763281,0.8756700359695955,1.3292095440129041
0.7287990513740069,10.022135910025083,8.701002667050938,-12.410593606430766,6.211491238324527,0.8812652999561209,1.3329022953340397
0.7338725266692921,9.95895708842999,8.732146698236948,-12.495493472935275,6.064838117255542,0.8868789693605615,1.3366204795281464
0.7359900429434422,9.93245847448121,8.744922053930157,-12.532395410003161,6.001561541965529,0.8892183558842203,1.3381738618137164
0.7382182391051725,9.904492748220296,8.758222105958575,-12.569030076010476,5.936544034936052,0.8916775606344076,1.3398092670745816
0.7403207247703214,9.878027883212543,8.770636562457947,-12.60657446796182,5.87198091828807,0.8939955933726819,1.3413530933239666
0.74241732125396,9.851563018204791,8.782884786289973,-12.633699540819052,5.8167719404133775,0.8963046735360564,1.342893170658998
0.75117886433905,9.740171681291924,8.83263287358063,-12.963554247827425,5.379125501559912,0.9059248026593913,1.3493330752906998
0.7533942652574576,9.711374426640555,8.844438175230133,-13.020790380596779,5.290286711201281,0.9083043402524824,1.350931817125312
0.7561072234301871,9.676000276742915,8.85868453494247,-13.059755125417778,5.209615187117376,0.9112127401063996,1.35288900421735
0.7578133706156326,9.65369351553922,8.867525652006037,-13.088517931671547,5.154564347756704,0.9130386201171868,1.3541194636462088
0.7598283210975217,9.627289577262859,8.877848802595521,-13.119367094653338,5.092053384866103,0.9151916736900084,1.355572129984797
0.7648444012576807,9.561279731571954,8.902988503322556,-13.199471786267651,4.931582813651721,0.9205353203683116,1.3591855193628242
0.7682271357951721,9.516541062940918,8.919488352500405,-13.251909100173215,4.823372508085886,0.9241250306432733,1.3616192831556957
0.7706756626946967,9.48404681662556,8.931201733196978,-13.289882334738415,4.7442969473364425,0.9267159465453707,1.3633790542550823
0.7721980216516081,9.463796992625879,8.938386734877032,-13.313325318610886,4.6949734016451945,0.9283235631683145,1.364472292842004
0.7739492007927986,9.440459439451901,8.946558653518359,-13.340179595689765,4.638044447994176,0.9301696150601778,1.3657289309307319
0.7756968702068642,9.417121886277924,8.954614625627173,-13.36687269784398,4.581007832359925,0.9320084613856613,1.366981994063736
0.7826532175468686,9.32377167358201,8.9856877422385,-13.471444993196258,4.352413527209599,0.9392910659929682,1.371957618388486
0.7842659172995422,9.302026613086488,8.99266345616942,-13.49575294276344,4.298596744112581,0.9409705839778374,1.3731080219384024
0.7863074272549926,9.274444370744547,9.001370108505652,-13.525571967147132,4.23103816122666,0.9430916654170648,1.3745624356060124
0.7878728948732886,9.25325219718842,9.007952462556995,-13.549159411577032,4.178182519422185,0.9447142431706631,1.3756761978203733
0.7897659439760323,9.227577562170344,9.015802817294174,-13.574207248300603,4.117469535945452,0.9466717516829793,1.3770212073292556
0.7968268258159225,9.13133765444655,9.044001434210571,-13.773617917488274,3.778722498399546,0.9539241501724667,1.3820171070874132
0.8019228162134657,9.060692434552857,9.06253118912719,-13.902746841919726,3.5433556655847553,0.9590152638218803,1.3855360970553423
0.803954547874954,9.03242383587428,9.069665161684247,-13.926177684739168,3.4772683636984514,0.96103178968334,1.3869326230145296
0.8062359524543125,9.000617559158334,9.077507968726703,-13.956388666593746,3.3985653887967793,0.9632872180413886,1.3884964041876082
0.8077903230077251,8.97890898493928,9.082749544386367,-13.9759573667118,3.3456533069274386,0.9648183707752294,1.389559098629982
0.8096308772843146,8.953163813877826,9.088849144119722,-13.999481235049316,3.2823053745727275,0.966625496184625,1.3908144555885853
0.814219086496689,8.888800886224189,9.103548230006734,-14.056106805153732,3.124857065831563,0.9711015789257657,1.3939290787526155
0.8182890492944452,8.831491861507116,9.115979863594186,-14.105472991389409,2.9841833326541,0.9750361438335398,1.3966730046012128
0.8215557489012946,8.78535056598544,9.12554390155495,-14.14389894631234,2.8712203969008425,0.9781686208670695,1.3988616267697762
0.8230657480857317,8.76398005485855,9.129839938823784,-14.161397301199429,2.8188903866692385,0.9796086331535588,1.3998689489194993
0.8248477769585836,8.738725815767907,9.134808212762378,-14.181802504307495,2.7570728858974567,0.9813014456764001,1.401054077217076
0.8292918167950514,8.6755902180413,9.14671774908494,-14.231510417233437,2.6026605653663637,0.9854908730098471,1.4039915458384038
0.8337028136137224,8.61270937741124,9.157859483180129,-14.279160078811948,2.4490789972779865,0.9896020365485916,1.4068803043404652
0.8360646635010541,8.578954766654,9.163546630655153,-14.303947575370014,2.3667588524406806,0.9917832585679568,1.4084154330224001
0.8379453624935181,8.552035089805361,9.167936133835395,-14.323308188477611,2.3011852174795138,0.9935098053644231,1.4096317722565896
0.839808207547761,8.525335374417594,9.172162367063173,-14.342162725600922,2.2362071195781192,0.9952107446836481,1.4108311119102035
0.8447640839325697,8.454136133383543,9.182816273457384,-14.390691687757101,2.063300378907842,0.999689915948731,1.4139943168377944
0.8485204169135276,8.400013389499078,9.190320566344628,-14.425873473774288,1.9322461531355586,1.0030387595668107,1.4163639197583813
0.8499555746714118,8.379300588084861,9.193057729403048,-14.4389330100731,1.8821993667198171,1.0043073574006396,1.4172625967438273
0.8515409553986372,8.35639810862387,9.195997921128907,-14.453112122394858,1.8269334024278265,1.0057015894939596,1.4182509252987205
0.8554977443549194,8.29914190997139,9.202953994482478,-14.487338461668529,1.689132454033654,1.0091478610920792,1.4206968028213192
0.8595377237043633,8.240545647193072,9.209494200311173,-14.520583050881775,1.548635561710281,1.0126157164234812,1.4231621794960125
0.8612986926918329,8.214963039480404,9.212167458904911,-14.534503622948533,1.4875027658875664,1.014110702655104,1.4242262872309401
0.8631366855843583,8.188235665449287,9.21484290921819,-14.54865140013968,1.423784036583753,1.0156600773769813,1.4253299241850694
0.8648235154693049,8.163683850779389,9.21719531897014,-14.561301287725733,1.3653771738975173,1.0170719748032526,1.4263363565198035
0.8665089002288868,8.13913203610949,9.219447385601446,-14.573609303493516,1.307104391241486,1.018472921975079,1.4273356622730533
0.873236826102407,8.040924777429895,9.227461182404513,-14.619446873494635,1.075366803174754,1.0239648288853298,1.4312595749178982
0.8756643047261635,8.005417807533139,9.229970613739091,-14.634622858259302,0.9922044023926673,1.0259056468972596,1.43264873445506
0.8780804645857456,7.9700407167779375,9.232268218577861,-14.648988194375292,0.9097067128927047,1.027815247870619,1.4340168003741596
0.8795199308896721,7.948948058068117,9.233542427194786,-14.65718704238919,0.8607030374402598,1.028942224404546,1.434824763224616
0.8811951465765676,7.9243863464553,9.234936615592831,-14.666397196120277,0.803805712696767,1.0302435365085336,1.4357582472399768
0.8853787659628997,7.862982067423257,9.238003187980155,-14.687809031301398,0.6623923529847104,1.0334444383158499,1.4380568163622611
0.8899421740437419,7.79590738366393,9.240676401326011,-14.708516342367783,0.5093693931267538,1.0368538569909564,1.4405089103358655
0.8923822775183929,7.760004862596544,9.241820161280621,-14.71837912880293,0.4281901500294212,1.0386407067417374,1.4417955880432483
0.8941515763669752,7.733957733859832,9.242525914571909,-14.724997483817637,0.369624406971405,1.0399202236608565,1.4427175993862575
0.8958009190066752,7.709666350888795,9.243090677366231,-14.73077267697582,0.3152475145235343,1.0411006118487014,1.4435686627215694
0.8974496373607044,7.685374967917758,9.243565781906074,-14.736151663283675,0.2611222710871174,1.0422684750474251,1.4444111513269637
0.9040391634904507,7.588209436033609,9.244579517635325,-14.75362322190218,0.04730532737765447,1.0468125496472798,1.447693515250738
0.9083799056874774,7.524149428993932,9.244483475051627,-14.761608399285024,-0.09125078979811363,1.049694880829411,1.4497790669062207
0.9104766584971999,7.493194946798727,9.244222702357176,-14.76438369796923,-0.15739543216290364,1.0510546697254484,1.4507639086879958
0.9122461336729977,7.467068079565014,9.243895119231416,-14.766175596847571,-0.2128057519825744,1.052185483324342,1.4515833738778077
0.9136283684213203,7.4466569889104575,9.243571202124143,-14.76723978253888,-0.25584357972189764,1.0530580599543813,1.452215988630784
0.9150105177658644,7.4262458982559,9.243187981433325,-14.767996423063574,-0.2986424722943535,1.0539210557690342,1.452841901857637
0.9205388514491182,7.344601535637669,9.241068926540644,-14.767909042484748,-0.4673536059831669,1.0572762695156275,1.45527767456279
0.9221384734927555,7.320979169692153,9.240282852651248,-14.766950898236917,-0.5154067639894562,1.0582178083618647,1.45596185730746
0.9237529375199149,7.29713953679334,9.239411852507942,-14.76554278960073,-0.5635271314297512,1.059154562223992,1.456642848017281
0.9253822957024868,7.27308263694123,9.238454360023656,-14.763677673290967,-0.6117069119958893,1.0600860827531868,1.4573203158012298
0.9293567406425306,7.214417156874608,9.235792208640683,-14.757218794874106,-0.7275231964483169,1.062299212232098,1.4589309840801024
0.9333332825666851,7.155751676807985,9.232672740759302,-14.748112693635708,-0.8409972853994647,1.0644284338600496,1.4604820747991938
0.9352651373676731,7.127265600298088,9.230995630907545,-14.742685038837696,-0.8951638399660745,1.0654317068262,1.4612134415993407
0.9368725433968648,7.103572084411935,9.229520841870517,-14.73767936030195,-0.9397586523597496,1.066250827372078,1.4618108040617435
0.9384805195815089,7.079878568525782,9.227974155674351,-14.732227300426992,-0.9839315526707304,1.0670559183688046,1.4623981444619973
0.9449191380933709,6.98510450498117,9.221080623117809,-14.705883033108554,-1.1562172266744586,1.0701347132192864,1.4646461362516627
0.9472310836228566,6.9511180812501046,9.218337919997841,-14.694662726771853,-1.2162361203678862,1.0711829848740269,1.465412224284904
0.9496250165983232,6.915954976441417,9.215353067942585,-14.68201953883569,-1.2772607675910888,1.0722362541978447,1.4661823163632226
0.9510243389303985,6.895415549517081,9.213541118305825,-14.674173667265578,-1.3124315523398309,1.0728366872898323,1.4666214772718356
0.9525859976778297,6.872506588611561,9.211461181612226,-14.665021663405582,-1.3512417476185998,1.0734934421977151,1.4671019632055229
0.9564946188911723,6.815234186347762,9.205993110257475,-14.640199967312284,-1.4461795763203469,1.0750753069048842,1.4682598256155588
0.9605661860440369,6.755682940374261,9.199908991501538,-14.611595690047919,-1.5418768689381466,1.0766284739195915,1.469397451629214
0.962446876920647,6.7282162920493365,9.196968619539799,-14.597399982643811,-1.5848949563192296,1.0773130870090042,1.4698991419280678
0.9643911513833666,6.699849743772434,9.19384457811246,-14.582064713032551,-1.6285531411043135,1.0779989956952132,1.470401929650491
0.9659894145834108,6.6765541625238605,9.191213441451087,-14.568984605057045,-1.66385323551183,1.0785461695163767,1.4708031274709912
0.9675891376544701,6.653258581275287,9.188523838427356,-14.55545836500611,-1.698637504287105,1.079078752614173,1.4711937174768521
0.9740036791909691,6.5600762562809924,9.17719382931844,-14.496937521031757,-1.8325763220360503,1.0810623283959233,1.4726492311059056
0.9773593282380508,6.511484925095244,9.170932005883811,-14.463640073627978,-1.8990717180110015,1.0820027846531624,1.4733397523983385
0.9802004096863546,6.470434432586414,9.165459155451602,-14.433936942824731,-1.9532789904586307,1.0827468561360174,1.4738862759631184
0.9815778297265674,6.450563032955164,9.162750957393852,-14.419087877209748,-1.9789309206394847,1.0830903945971673,1.4741386647356645
0.9831730707965205,6.42757506060862,9.15957071898948,-14.401535194473457,-2.008133641244463,1.0834742146170993,1.4744206908952886
0.9871699017557068,6.370105129742262,9.151402222252575,-14.35578264206142,-2.0787193695163495,1.0843697390584102,1.4750788897498346
0.9917432816840914,6.304575853947968,9.14171886987181,-14.30057531790524,-2.1552305115390613,1.085278791061535,1.475747286742546
0.9944811933778035,6.265469191745554,9.135758104782926,-14.266006803501806,-2.198700877189007,1.0857640677622549,1.4761042005372245
0.9962577049529774,6.240145841195095,9.13182774462515,-14.242998967849262,-2.22599575858403,1.086055459448639,1.4763185499742915
0.997858466114102,6.217363035344508,9.128245158227987,-14.2219088291246,-2.25001407472897,1.0863022286577138,1.476500095491604
0.9994616246556141,6.194580229493921,9.12461913404572,-14.200428858484832,-2.273485950956568,1.0865343950007063,1.4766709151058508
1.0058992505903475,6.103449006091574,9.109693518057632,-14.110815711442623,-2.3621169176341734,1.0873166811845032,1.477246616236464
1.0090777455077444,6.058670890318932,9.102120695821196,-14.064628378598162,-2.402519575663134,1.0876148460143125,1.4774660920883216
1.0118959344639415,6.019093056306607,9.095301677215772,-14.022638017550321,-2.436484494408872,1.0878310195467222,1.4776252322859342
1.013308208341822,5.999304339248028,9.091849095120924,-14.001233335783468,-2.452840371232682,1.0879224212795422,1.477692523741912
1.0149086537244203,5.976915681256873,9.087908897216693,-13.976776768842994,-2.4709854523298898,1.0880124000082394,1.4777587700878954
1.0189222350176768,5.920944036278985,9.077904221920276,-13.913711870889074,-2.5132840677193684,1.0881748411518615,1.477878372842596
1.0230563261130847,5.863558391050659,9.067425985497321,-13.848338457103988,-2.5556186511717573,1.0882485935044897,1.477932678190891
1.024879263233606,5.838341732558627,9.0627532878579,-13.817588410714233,-2.570852476913075,1.088251208628478,1.4779346037904866
1.0269393629759633,5.80991006953966,9.057436377366312,-13.78482484688778,-2.5912409756243284,1.08823234667672,1.4779207151784297
1.02855842445855,5.787614620313741,9.053231789417541,-13.755706162454098,-2.601470747154952,1.0882013748077348,1.4778979099157845
1.0301806811521408,5.765319171087822,9.048996873187907,-13.735866272163566,-2.6272834140978305,1.0881561631560743,1.4778646201240995
1.03665037395572,5.676137374184148,9.030702676164095,-13.78315103479504,-2.94543704293417,1.0875202471662337,1.4773964559306707
1.0402365491212908,5.62685049882291,9.020138287950688,-13.71099717486671,-2.9577616550301222,1.0869855537389679,1.4770029092852899
1.0427749000672457,5.592101766920318,9.012602929023595,-13.666970098350678,-2.977696500436843,1.0865593272553025,1.4766892603542208
1.044255146982276,5.571891178476372,9.00818821414454,-13.64014373137794,-2.9872209856378995,1.086292662073138,1.4764930571031971
1.045864225993233,5.549966434904504,9.003373093187749,-13.611102169926056,-2.997608572304024,1.0859877312247268,1.4762687263403738
1.0474767683171218,5.5280416913326365,8.998531495020398,-13.581614257592461,-3.007202849302146,1.085666479231094,1.4760324197408534
1.0522518651980493,5.463397941686531,8.984108094202181,-13.493513771568658,-3.033216008977889,1.0846241101205674,1.4752658947643413
1.0553405931801134,5.421809416681791,8.97471665714925,-13.43560502471285,-3.0475828862420657,1.0838779648867327,1.474717411156119
1.0574144973354014,5.393985879443547,8.968387149315049,-13.396390759863145,-3.056242843246622,1.083345720567793,1.4743262699526691
1.0603686958753353,5.35449328954109,8.959341741005963,-13.340115400249601,-3.0672673219460904,1.082544608912397,1.4737377074246605
1.0642145095086366,5.3033316469744225,8.947521578212081,-13.266167339046188,-3.079334092186656,1.081426901653177,1.472916882793863
1.0674329516323544,5.260735554801681,8.937597252548171,-13.203766164990025,-3.0875461647605587,1.0804272973362186,1.4721831220433297
1.0688969188072672,5.241426549699077,8.933074825754852,-13.17523206669322,-3.0907112586269108,1.0799534476710833,1.4718354015095094
1.070538565198963,5.219823810383274,8.92799833630872,-13.143135539832599,-3.093852107924919,1.0794079611295526,1.4714351995755226
1.0746603818285996,5.165816962093768,8.915232709743348,-13.062111192534658,-3.099847935161037,1.0779731687223038,1.4703829951700353
1.079137634344919,5.107532607439895,8.901344524117475,-12.973603379929756,-3.103615790513913,1.0763104979958071,1.4691644863989812
1.0814663327823701,5.077374855395361,8.894116136300868,-12.927320970177774,-3.1043365639546927,1.075403408130792,1.4685000817907101
1.0834138517133067,5.052236381019713,8.888070214262182,-12.888571856092689,-3.104435578250971,1.0746228949908847,1.4679285971867262
1.0850822230975126,5.03076122709256,8.882891156965487,-12.85524343405018,-3.1039659850430716,1.0739385228672653,1.467427664622118
1.088945554845364,4.981245987430925,8.870902832615988,-12.778772645526235,-3.103022020089478,1.0722986335397189,1.4662279357218468
1.0956099245885715,4.896532277392424,8.850255202705938,-12.63734305294877,-3.0798535205726054,1.069292090784251,1.4640305923763188
1.100251174689345,4.838060693638546,8.835915798537993,-12.593192426097778,-3.166188548799779,1.0670685495525503,1.4624073609785282
1.1028044145170823,4.805831236169289,8.82755751684818,-12.649517897171144,-3.375056992635194,1.0656463361509314,1.4613699441797425
1.1047710336237886,4.780962431322738,8.820861163469937,-12.62918950058998,-3.410803654582721,1.0644412132277439,1.4604913886831896
1.1064317553184584,4.7600245887406825,8.81521430748738,-12.58762246394687,-3.392500814377126,1.0634062806355207,1.4597372769423516
1.1080970526464031,4.739086746158627,8.809559754526793,-12.56022680341295,-3.401993653329163,1.0623527028318405,1.4589699329369734
1.1148047440678057,4.655335375830404,8.786874493927124,-12.409845636375069,-3.357714438422999,1.057950452363882,1.4557675500082226
1.1199001983918198,4.592339381125123,8.769754464665812,-12.311264351239586,-3.3511097461054167,1.0544389573301944,1.45321764190213
1.123341464904708,4.550098762042784,8.758254990710189,-12.238981352297442,-3.3334551385360682,1.0519867763464603,1.4514393468580826
1.1253705984069848,4.5253064880785505,8.751500233605395,-12.19727548209952,-3.324110929197488,1.050510833463329,1.4503699566744404
1.1277259100127326,4.496635418002979,8.743684959256694,-12.14863773791184,-3.312122047441978,1.048769896554748,1.4491094837587175
1.1316724347815907,4.448850301210361,8.730653824475722,-12.067704766185159,-3.2914581430811296,1.0457865643034532,1.4469518091759728
1.13570741151927,4.400323932152608,8.717418393631084,-11.985269654480762,-3.268742596215639,1.0426515652820756,1.444687608649414
1.1380791809690027,4.371954800686725,8.709682018025584,-11.937088597234723,-3.254890201635731,1.0407691656787377,1.4433296422604283
1.1400358178483287,4.348637060031028,8.703324897800792,-11.897437929473394,-3.2430593102778573,1.039194379366693,1.4421944938555709
1.143730929716787,4.3048123597190475,8.691383417388712,-11.823048406526302,-3.220269819812301,1.0361669204603985,1.4400145440433532
1.1458890467005296,4.2793436008436085,8.68444868915745,-11.779712396197326,-3.2062613536818674,1.0343665807585123,1.438719647252395
1.1485926251234408,4.247568944506239,8.675803602057442,-11.726154082630078,-3.189387930725143,1.032078035023604,1.4370751790975251
1.1527585655710129,4.1988914381502624,8.662576977803347,-11.64184941259206,-3.157147251484311,1.0284800506886125,1.4344933651517704
1.158417833932922,4.1333110817756795,8.644797573003228,-11.53925914864529,-3.136410635648219,1.023454439799004,1.4308944721202514
1.1630009083475679,4.080656819493297,8.630561624686116,-11.438431622322234,-3.0753175671824664,1.0192689830368005,1.4279037992038797
1.1647897186416498,4.0602145800780916,8.625045051660079,-11.422381437159757,-3.1044749588863265,1.0176073744222516,1.4267181811691294
1.1666288518875052,4.0391941853427715,8.619241456511507,-11.443042742977557,-3.2220057510903963,1.0158249296424817,1.4254473991288326
1.171110291198831,3.9877794654662737,8.604102597854414,-11.451903762759464,-3.4155424508817305,1.0109886685716143,1.4220049535709098
1.175627306696424,3.9363647455897754,8.589022176831769,-11.335114926741305,-3.3129343120855683,1.005997923769658,1.418461075471887
1.1774453875647015,3.9157852096645214,8.583004216898411,-11.30218574236013,-3.303700759934924,1.003956421663799,1.4170139366287051
1.1795818451432944,3.891685399086785,8.575971121066928,-11.25859132066802,-3.280628496978288,1.0015335087686925,1.4152983322206412
1.1820402254849354,3.8640653138565653,8.567930665262892,-11.211846140987296,-3.2611415452689494,0.9987136508578068,1.413304268871261
1.1878395767244283,3.7993758215366014,8.549189148781931,-11.09761631720696,-3.2017943023854585,0.9919272038216385,1.4085168006386768
1.194420202578117,3.7267540410363766,8.528315081074878,-10.97335923986036,-3.1401051873487873,0.9839988097495435,1.402944638105338
1.1966157636736787,3.702706797375992,8.521444848115568,-10.93206723640458,-3.1182827169321077,0.9812998213658971,1.4010529395468043
1.1988655790254186,3.6781587954764032,8.514454136585638,-10.890220774404508,-3.0961703727458705,0.9785062514308679,1.3990977392910364
1.204907466844487,3.6126974570775,8.4959284972495,-10.779391381277321,-3.036274586584251,0.9708640858619079,1.393763636064766
1.207275122538015,3.5872262697515724,8.48876753760008,-10.736625001385606,-3.0127022903396328,0.9678133787786645,1.3916403041529715
1.209802624815731,3.5601465732668345,8.481184443143654,-10.6915105736444,-2.987854569443524,0.9645217642761964,1.3893531709980969
1.2140388491589167,3.5150137457922708,8.468616335161203,-10.616483662345633,-2.9450525238684655,0.9589232717428565,1.385472425236253
1.2208786739377646,3.4428012218329695,8.448695093960994,-10.49988333071328,-2.8815176759576664,0.9496652674040269,1.379080896870652
1.2234455273615932,3.4159071543242674,8.44133605291687,-10.455121113388017,-2.8524966548917225,0.9461199179690951,1.376641892133843
1.2264270340090753,3.384806973725702,8.432867291508957,-10.407720712616474,-2.8303244533372123,0.9419524129703801,1.3737810408870554
1.2293799029432817,3.354150160142226,8.424562707751257,-10.353775518070927,-2.7867738143265512,0.9377718692193185,1.3709179693545106
1.2336090468697727,3.3104896798194874,8.412810290879664,-10.311880289664852,-2.8226769499508957,0.9316908305624697,1.366765453087758
1.237571435453786,3.269618015005177,8.401300792407316,-10.309927991338883,-2.9645231301864663,0.9256055906092316,1.3626245665505463
1.240429696291923,3.2401998074511873,8.39281855022127,-10.269957370580826,-2.9565608466936766,0.9210240743307948,1.3595165852231805
1.2443181473719243,3.2004048169961488,8.381444925269061,-10.200004796682737,-2.8976879354908123,0.914707926529147,1.3552455832266164
1.2476408454663335,3.1666036517035114,8.371877928491907,-10.145201394155634,-2.8593001680246886,0.9092339857564665,1.351557043137503
1.250388092642238,3.1387963115732753,8.364073640551762,-10.098752154342673,-2.8224577971354705,0.9046540519301287,1.3484802385180141
1.2555474731513707,3.086910102068187,8.349675569525811,-10.014847095946056,-2.75865443723481,0.8959192768813172,1.3426359710239937
1.2615245616429887,3.0273380831648393,8.33341647051131,-9.919256009078435,-2.6824669267781314,0.885577883524551,1.3357575333075322
1.2639261013357947,3.0035616955205575,8.327010462371666,-9.88175447923383,-2.6524204052389138,0.8813542094294757,1.332961080631785
1.2664828254372196,2.97834738897727,8.320269979563967,-9.842243482383655,-2.6203443771663135,0.8768136435261863,1.3299632195943112
1.2733507637196237,2.9111092381951695,8.302566960867207,-9.738654667057384,-2.5350893628207554,0.8643874613357896,1.3218039504081274
1.278342665736134,2.862678094731896,8.290065754026923,-9.665538155586564,-2.4735881800051516,0.8551404603683485,1.315775515412485
1.2814146096746093,2.8330539585874495,8.28252474097519,-9.62148042596387,-2.436061117362727,0.8493572250287496,1.3120242740546144
1.2841631287601576,2.8066626150350937,8.275875080993641,-9.582657176965746,-2.4026864546524287,0.8441218990175825,1.3086411962035467
1.28818006920995,2.7682820483905837,8.266321236993106,-9.526885775642956,-2.3541297214069736,0.8363649286818716,1.3036511396570143
1.2922204148155756,2.7299014817460736,8.256907787266059,-9.471973369919116,-2.3056898789535225,0.8284335910742717,1.2985769961077447
1.2991798338434326,2.664304060489829,8.241150950901837,-9.379905106622582,-2.2223100413296577,0.8144595052960215,1.2897070542441178
1.30701135073065,2.591237014759296,8.224107139177722,-9.280473849978835,-2.1302579217323228,0.79824411970129,1.2795286923854765
1.3092936201828875,2.5700889590879186,8.219276672904947,-9.252089256214,-2.1028933723859993,0.7934175965774574,1.2765232009480865
1.311309518672028,2.5514625389195182,8.21506108833287,-9.227493239956202,-2.079515514731007,0.7891155932802282,1.2738537669442307
1.3138933509223951,2.527660911069968,8.209727955069049,-9.195963306853077,-2.0480929786916153,0.7835476058317821,1.2704120790533746
1.3164859453514106,2.5038592832204176,8.204455903806439,-9.166048293511464,-2.021635274382767,0.7778988525705992,1.2669359197807342
1.322997862136819,2.444355213596541,8.19128675985552,-9.111625380620351,-2.031150543384271,0.7632701495735787,1.2580068844128292
1.3299847297090812,2.3809439251719855,8.177258185938701,-9.034244924727629,-1.959747315534065,0.7467988558370768,1.2480819408514678
1.3370377979671997,2.3175326367474303,8.163861153371009,-8.94888629603437,-1.844571749086704,0.7296937233967901,1.2379228287598023
1.3395806746510401,2.294814022802914,8.159220173585851,-8.91957291156487,-1.805392219914542,0.723405560147536,1.2342267232775226
1.341665240163519,2.276245427555917,8.155490594656076,-8.895796613783336,-1.772898374470273,0.7182020268122992,1.2311840444536692
1.3436164595181779,2.258909253843101,8.15206093846589,-8.873824216932343,-1.7424822595725225,0.7132911866516966,1.2283258187284778
1.3461326871892065,2.2366159699154657,8.147725975712305,-8.845854349409795,-1.7031010149454744,0.7069004708371819,1.2246257696414156
1.3486568348202916,2.2143226859878307,8.143477070348514,-8.818225853970475,-1.6634817113054512,0.7004235555639818,1.2208985040489198
1.3553651435487661,2.155408483116706,8.132673368075688,-8.74680971243107,-1.5572970200828138,0.6828839352288961,1.2109213306378344
1.3628941935487253,2.0898444067901205,8.121402680656704,-8.670073777369893,-1.436218134982422,0.6626241062529594,1.1996127317545162
1.3652410872128462,2.0695239462584825,8.118076831299584,-8.646882931241846,-1.3979981014167735,0.656182921025778,1.1960668985662644
1.3676802518213695,2.0484618053963337,8.114715614330521,-8.623140179554873,-1.3579887639811286,0.6494245802841012,1.1923725447515054
1.370083470574003,2.0277662665271974,8.111499750412237,-8.600102227801388,-1.3182566111259462,0.6427018851913535,1.1887244059194375
1.3724930947179028,2.007070727658061,8.108371565059915,-8.57735652921248,-1.2780970379303298,0.6358973688088304,1.1850592658841976
1.378544860355518,1.9553318804852198,8.100945663475745,-8.52176871772807,-1.1756226828214693,0.6185250790579659,1.175828760246858
1.3847719731923238,1.902438040324283,8.093960009533196,-8.46685634633119,-1.0675325148977914,0.600227383796075,1.166307383265098
1.3910388865016126,1.8495442001633464,8.08761935168401,-8.413870303291148,-0.9553977023680353,0.5813837722851614,1.1567225642635854
1.3937093210753413,1.8271048114343094,8.085133097773989,-8.391995625250935,-0.9065523890689988,0.5732250209420227,1.1526434507834513
1.3959398236573868,1.8084065193200993,8.083157044643118,-8.374041796542588,-0.8652032676095693,0.5663520068383193,1.1492408779928565
1.3990117295712505,1.7827196515975288,8.080587796780891,-8.349782695515955,-0.8073635661201202,0.5568004494416104,1.1445639958073026
1.4025122488193271,1.7535384960707778,8.077878793885683,-8.322808725788098,-0.740173521593793,0.5457969724948412,1.139251655774322
1.41190134127292,1.6757220813327753,8.071802032285543,-8.253961769489761,-0.55229476964635,0.5156818052022791,1.125134536051881
1.4175909476378719,1.628872700090395,8.068998201703305,-8.214767088771039,-0.4325009050208535,0.49703315453623936,1.1167103280207653
1.4233071607899603,1.5820233188480148,8.066882369185748,-8.177313435313435,-0.30688168854743303,0.4780233210487194,1.108380032058701
1.4257727482350773,1.561880668818509,8.066194361155745,-8.161776629557517,-0.2510358098150795,0.46974651117700794,1.104835636989942
1.4278762686973903,1.544725882174239,8.065717166779596,-8.148817425176752,-0.20253804061311342,0.4626512528211662,1.101837638555243
1.4306590820089888,1.5220726250619585,8.065244236585473,-8.132095189518733,-0.137116724521249,0.45322007725995567,1.0979109428507943
1.4337863349913178,1.4966701327156733,8.064932612375607,-8.113891990680784,-0.06186725907871515,0.44256608045575796,1.093556004770662
1.4421588967898815,1.428930153125579,8.065288230451978,-8.068311912656425,0.14918415155252518,0.4138057943830785,1.082236219808324
1.4505764997604627,1.3611901735354845,8.067489058955177,-8.027370219978332,0.3763216465845036,0.38466294779652355,1.0714315579669618
1.4555925645447727,1.320980108764894,8.069732416323438,-8.005464507076498,0.5190925702304146,0.3672556093200202,1.0653059103267095
1.460621779726949,1.2807700439943037,8.072715358707834,-7.985463669816605,0.6681471418022031,0.349817175523889,1.0594206229310017
1.4634682046403622,1.2580549865680577,8.074740482345154,-7.975061898989324,0.7550863605070417,0.3399683605920341,1.0562094897337533
1.4657326011034282,1.2400051835478725,8.076529918152918,-7.967274414406849,0.8256184938100759,0.3321498413071178,1.053718898511526
1.468310764218085,1.2194751127312815,8.078763620604793,-7.958944951583323,0.9074322978816429,0.3232703946927892,1.0509537326090201
1.4710475056710808,1.1977049080164879,8.08136783486516,-7.95074782625924,0.9960182217740405,0.3138761384319512,1.048102204117973
1.478358092122677,1.1396510287770383,8.08953920378876,-7.932227753868282,1.241678639741197,0.28898121742077404,1.0409179333751497
1.484480904600544,1.0911207100791043,8.097798292545766,-7.920689643379716,1.4577336666450516,0.2684081440156114,1.0353950607250864
1.4894077310575196,1.052113951922686,8.105423711878066,-7.914165740308776,1.6388402509562627,0.2520706253549439,1.0312805632643487
1.4931471814232173,1.022525849486402,8.111816201358968,-7.910924054151661,1.7807832875187377,0.2398115518843207,1.0283528482078348
1.4956969864311025,1.002356402770252,8.11648294859676,-7.9095779307955,1.880028539492934,0.23152529862521462,1.026452124506299
1.498283927348087,0.9818957655321312,8.121478841943027,-7.908950439386384,1.9827045249223048,0.22317976778589282,1.0246019757686227
1.500907769428294,0.9611439377720393,8.126820487292745,-7.909068608691775,2.0894181984535685,0.21477864165834623,1.022804900708148
1.5048167378301,0.930224963346159,8.135304720230728,-7.910763320010062,2.2517399039004466,0.20238015785552677,1.020273359592236
1.5100090090676603,0.8891388422544904,8.147584248499752,-7.915522515350599,2.4829750293629274,0.18612072981563899,1.0171730069497058
1.515196966578023,0.8480527211628217,8.161062004697092,-7.924050340113476,2.7155564122888283,0.1700935668800483,1.0143627662202401
1.5172683406182628,0.831635078159113,8.166796833692933,-7.927997015012445,2.82161298633088,0.1637485101023085,1.0133181013683343
1.5193385412617346,0.8152174351554042,8.172737996698554,-7.933121098342132,2.916174920020566,0.15743401371135832,1.0123168815510626
1.5218545064425282,0.795250498518914,8.180249071844951,-7.93847596358414,3.071788654127957,0.14979180762536773,1.0111565584179707
1.52677406023578,0.7561566190955858,8.195920089406336,-7.959301362745977,3.2121404008906325,0.1349329103134711,1.0090623817612383
1.5273254360094808,0.7517673316131521,8.197695088596898,-7.961833922834861,3.228344176184498,0.1333155391861519,1.0088473784416028
1.5314358422260668,0.7190166931246904,8.211585768342053,-7.9739757444534405,3.5341231111463394,0.12130202105373498,1.00733022406345
1.5360081580571652,0.6825041940849416,8.228193900587044,-7.9967625916844165,3.7554608528559847,0.10791414155934924,1.0058058768711242
1.5412681336871257,0.6403771600235661,8.249004865244862,-8.022731585307076,4.149485287861828,0.09242310419029431,1.0042619330573923
1.5433660300166308,0.6235335549586863,8.257876905320227,-8.034952388226982,4.311811299709873,0.08620176815922602,1.0037084959457985
1.5467276889088952,0.5964881583850404,8.27285541415507,-8.05595365155649,4.604604632325518,0.07616299401925311,1.0028962068220104
1.5496249791286383,0.5731190090932645,8.28659333914113,-8.076082248723647,4.883774189081571,0.06742650499101671,1.0022705890004473
1.5531737814175974,0.5444109748921433,8.304596066071753,-8.103475004090352,5.270464141736298,0.05659501716589536,1.001600217635763
1.5576038470169715,0.508427106870339,8.329152969013046,-8.142865058762858,5.832318638237515,0.042832197941227675,1.0009168782573687
1.5602800360036426,0.48659960540828984,8.345274186641033,-8.169972257233828,6.222446655324047,0.03437045004593645,1.0005904895792086
1.5624901432560898,0.46851629672317135,8.359413010800285,-8.194575142013921,6.5774614112271585,0.02729345075906283,1.0003723968874478
1.564557585198535,0.4515489417206954,8.373380093986658,-8.219637394684726,6.938959555175764,0.020600605181248365,1.000212169958871
1.5670899808251952,0.4306915966402966,8.391558160447797,-8.253375699111729,7.4265927500214275,0.012310734559132607,1.0000757742218265
1.5693124641434473,0.412312825442534,8.408586705219927,-8.286089567721945,7.906708982085547,0.004955521663408953,1.0000122785220973
